antenna_id;site_id;operator;orientation;manufacturer
ANT000001;10054;Telekom;0.0;Commscope
ANT000002;10054;Telekom;120.0;Commscope
ANT000003;10054;Telekom;240.0;Commscope
ANT000004;10054;Telefonica;60.0;Amphenol
ANT000005;10054;Telefonica;180.0;Amphenol
ANT000006;10054;Telefonica;300.0;Amphenol
ANT000007;10054;Telekom;260.0;Kathrein
ANT000008;10054;Telekom;310.0;Kathrein
ANT000009;10054;Telefonica;10.0;Huawei
ANT000010;10276;Vodafone;60.0;Huawei
ANT000011;10276;Vodafone;180.0;Huawei
ANT000012;10276;Vodafone;300.0;Huawei
ANT000013;10276;Telekom;60.0;Kathrein
ANT000014;10276;Telekom;180.0;Kathrein
ANT000015;10276;Telekom;300.0;Kathrein
ANT000016;10276;Telefonica;60.0;Huawei
ANT000017;10276;Telefonica;180.0;Huawei
ANT000018;10276;Telefonica;300.0;Huawei
ANT000019;10091;Telekom;60.0;Commscope
ANT000020;10091;Telekom;180.0;Commscope
ANT000021;10091;Telekom;300.0;Commscope
ANT000022;10791;Telekom;60.0;Rosenberger
ANT000023;10791;Telekom;180.0;Rosenberger
ANT000024;10791;Telekom;300.0;Rosenberger
ANT000025;10421;Vodafone;60.0;Commscope
ANT000026;10421;Vodafone;180.0;Commscope
ANT000027;10421;Vodafone;300.0;Commscope
ANT000028;10421;Telekom;60.0;Huawei
ANT000029;10421;Telekom;180.0;Huawei
ANT000030;10421;Telekom;300.0;Huawei
ANT000031;10421;Telefonica;60.0;Huawei
ANT000032;10421;Telefonica;180.0;Huawei
ANT000033;10421;Telefonica;300.0;Huawei
ANT000034;10275;Telekom;60.0;Commscope
ANT000035;10275;Telekom;180.0;Commscope
ANT000036;10275;Telekom;300.0;Commscope
ANT000037;10113;Telekom;60.0;Huawei
ANT000038;10113;Telekom;180.0;Huawei
ANT000039;10113;Telekom;300.0;Huawei
ANT000040;10866;Vodafone;60.0;Huawei
ANT000041;10866;Vodafone;180.0;Huawei
ANT000042;10866;Vodafone;300.0;Huawei
ANT000043;10866;Telekom;60.0;Huawei
ANT000044;10866;Telekom;180.0;Huawei
ANT000045;10866;Telekom;300.0;Huawei
ANT000046;10931;Telekom;60.0;Huawei
ANT000047;10931;Telekom;180.0;Huawei
ANT000048;10931;Telekom;300.0;Huawei
ANT000049;10904;Vodafone;60.0;Huawei
ANT000050;10904;Vodafone;180.0;Huawei
ANT000051;10904;Vodafone;300.0;Huawei
ANT000052;10904;Telekom;40.0;Commscope
ANT000053;10904;Telekom;170.0;Commscope
ANT000054;10904;Telekom;285.0;Commscope
ANT000055;10904;Telefonica;50.0;Kathrein
ANT000056;10904;Telefonica;190.0;Kathrein
ANT000057;10904;Telefonica;310.0;Kathrein
ANT000058;10040;Telekom;55.0;Amphenol
ANT000059;10040;Telekom;175.0;Amphenol
ANT000060;10040;Telekom;295.0;Amphenol
ANT000061;10395;Telekom;60.0;Amphenol
ANT000062;10395;Telekom;180.0;Amphenol
ANT000063;10395;Telekom;300.0;Amphenol
ANT000064;10395;Telefonica;60.0;Huawei
ANT000065;10395;Telefonica;180.0;Huawei
ANT000066;10395;Telefonica;300.0;Huawei
ANT000067;10558;Telekom;60.0;Amphenol
ANT000068;10558;Telekom;180.0;Amphenol
ANT000069;10558;Telekom;300.0;Amphenol
ANT000070;10585;Vodafone;60.0;Kathrein
ANT000071;10585;Vodafone;180.0;Kathrein
ANT000072;10585;Vodafone;300.0;Kathrein
ANT000073;10347;Telekom;60.0;Rosenberger
ANT000074;10347;Telekom;180.0;Rosenberger
ANT000075;10347;Telekom;300.0;Rosenberger
ANT000076;10356;Vodafone;60.0;Commscope
ANT000077;10356;Vodafone;180.0;Commscope
ANT000078;10356;Vodafone;300.0;Commscope
ANT000079;10356;Telekom;60.0;Huawei
ANT000080;10356;Telekom;180.0;Huawei
ANT000081;10356;Telekom;300.0;Huawei
ANT000082;10887;Telefonica;80.0;Huawei
ANT000083;10887;Telefonica;210.0;Huawei
ANT000084;10887;Telefonica;300.0;Huawei
ANT000085;10056;Telekom;60.0;Rosenberger
ANT000086;10056;Telekom;180.0;Rosenberger
ANT000087;10056;Telekom;300.0;Rosenberger
ANT000088;10169;Vodafone;60.0;Kathrein
ANT000089;10169;Vodafone;180.0;Kathrein
ANT000090;10169;Vodafone;300.0;Kathrein
ANT000091;10169;Telekom;90.0;Huawei
ANT000092;10169;Telekom;210.0;Huawei
ANT000093;10169;Telekom;330.0;Huawei
ANT000094;10169;Telefonica;60.0;Huawei
ANT000095;10169;Telefonica;180.0;Huawei
ANT000096;10169;Telefonica;300.0;Huawei
ANT000097;10144;Telefonica;60.0;Amphenol
ANT000098;10144;Telefonica;180.0;Amphenol
ANT000099;10144;Telefonica;300.0;Amphenol
ANT000100;10357;Telekom;60.0;Huawei
ANT000101;10357;Telekom;180.0;Huawei
ANT000102;10357;Telekom;300.0;Huawei
ANT000103;10357;Telefonica;60.0;Commscope
ANT000104;10357;Telefonica;180.0;Commscope
ANT000105;10357;Telefonica;300.0;Commscope
ANT000106;10591;Telekom;0.0;Commscope
ANT000107;10591;Telekom;120.0;Commscope
ANT000108;10591;Telekom;240.0;Commscope
ANT000109;10591;Telefonica;60.0;Commscope
ANT000110;10591;Telefonica;180.0;Commscope
ANT000111;10591;Telefonica;300.0;Commscope
ANT000112;10352;Telefonica;80.0;Huawei
ANT000113;10352;Telefonica;240.0;Huawei
ANT000114;10352;Telefonica;330.0;Huawei
ANT000115;10737;Telekom;60.0;Huawei
ANT000116;10737;Telekom;180.0;Huawei
ANT000117;10737;Telekom;300.0;Huawei
ANT000118;10737;Telefonica;60.0;Kathrein
ANT000119;10737;Telefonica;180.0;Kathrein
ANT000120;10737;Telefonica;300.0;Kathrein
ANT000121;10259;1&1;60.0;Kathrein
ANT000122;10259;1&1;180.0;Kathrein
ANT000123;10259;1&1;300.0;Kathrein
ANT000124;10259;Telefonica;60.0;Kathrein
ANT000125;10259;Telefonica;180.0;Kathrein
ANT000126;10259;Telefonica;300.0;Kathrein
ANT000127;10175;Telefonica;40.0;Huawei
ANT000128;10175;Telefonica;180.0;Huawei
ANT000129;10175;Telefonica;290.0;Huawei
ANT000130;10002;Vodafone;60.0;Huawei
ANT000131;10002;Vodafone;180.0;Huawei
ANT000132;10002;Vodafone;300.0;Huawei
ANT000133;10002;Telekom;60.0;Kathrein
ANT000134;10002;Telekom;180.0;Kathrein
ANT000135;10002;Telekom;300.0;Kathrein
ANT000136;10955;Vodafone;60.0;Huawei
ANT000137;10955;Vodafone;180.0;Huawei
ANT000138;10955;Vodafone;300.0;Huawei
ANT000139;10955;Telekom;60.0;Kathrein
ANT000140;10955;Telekom;180.0;Kathrein
ANT000141;10955;Telekom;300.0;Kathrein
ANT000142;10955;Telefonica;60.0;Huawei
ANT000143;10955;Telefonica;180.0;Huawei
ANT000144;10955;Telefonica;300.0;Huawei
ANT000145;10465;Vodafone;0.0;Huawei
ANT000146;10465;Vodafone;120.0;Huawei
ANT000147;10465;Vodafone;240.0;Huawei
ANT000148;10465;1&1;30.0;Huawei
ANT000149;10465;1&1;150.0;Huawei
ANT000150;10465;1&1;270.0;Huawei
ANT000151;10465;Telekom;60.0;Commscope
ANT000152;10465;Telekom;180.0;Commscope
ANT000153;10465;Telekom;300.0;Commscope
ANT000154;10465;Telefonica;0.0;Huawei
ANT000155;10465;Telefonica;120.0;Huawei
ANT000156;10465;Telefonica;240.0;Huawei
ANT000157;10465;Vodafone;55.0;Amphenol
ANT000158;10465;1&1;305.0;Huawei
ANT000159;10817;Telefonica;60.0;Huawei
ANT000160;10817;Telefonica;180.0;Huawei
ANT000161;10817;Telefonica;300.0;Huawei
ANT000162;10095;Telekom;60.0;Commscope
ANT000163;10095;Telekom;180.0;Commscope
ANT000164;10095;Telekom;300.0;Commscope
ANT000165;10929;Telekom;60.0;Rosenberger
ANT000166;10929;Telekom;180.0;Rosenberger
ANT000167;10929;Telekom;300.0;Rosenberger
ANT000168;10635;Telekom;60.0;Huawei
ANT000169;10635;Telekom;180.0;Huawei
ANT000170;10635;Telekom;300.0;Huawei
ANT000171;10405;Telefonica;40.0;Huawei
ANT000172;10405;Telefonica;160.0;Huawei
ANT000173;10405;Telefonica;280.0;Huawei
ANT000174;10076;1&1;60.0;Kathrein
ANT000175;10076;1&1;180.0;Kathrein
ANT000176;10076;1&1;300.0;Kathrein
ANT000177;10076;Telefonica;60.0;Kathrein
ANT000178;10076;Telefonica;180.0;Kathrein
ANT000179;10076;Telefonica;300.0;Kathrein
ANT000180;10008;Telefonica;40.0;Huawei
ANT000181;10008;Telefonica;160.0;Huawei
ANT000182;10008;Telefonica;280.0;Huawei
ANT000183;10339;Telekom;60.0;Rosenberger
ANT000184;10339;Telekom;180.0;Rosenberger
ANT000185;10339;Telekom;300.0;Rosenberger
ANT000186;10339;Telefonica;60.0;Commscope
ANT000187;10339;Telefonica;180.0;Commscope
ANT000188;10339;Telefonica;300.0;Commscope
ANT000189;10779;Telekom;60.0;Huawei
ANT000190;10779;Telekom;180.0;Huawei
ANT000191;10779;Telekom;300.0;Huawei
ANT000192;10484;Telekom;60.0;Commscope
ANT000193;10484;Telekom;180.0;Commscope
ANT000194;10484;Telekom;300.0;Commscope
ANT000195;10114;Vodafone;60.0;Kathrein
ANT000196;10114;Vodafone;180.0;Kathrein
ANT000197;10114;Vodafone;300.0;Kathrein
ANT000198;10968;Telekom;30.0;Huawei
ANT000199;10968;Telekom;150.0;Huawei
ANT000200;10968;Telekom;270.0;Huawei
ANT000201;10968;Telefonica;60.0;Huawei
ANT000202;10968;Telefonica;180.0;Huawei
ANT000203;10968;Telefonica;300.0;Huawei
ANT000204;10048;Telekom;60.0;Huawei
ANT000205;10048;Telekom;180.0;Huawei
ANT000206;10048;Telekom;300.0;Huawei
ANT000207;10104;Vodafone;60.0;Huawei
ANT000208;10104;Vodafone;180.0;Huawei
ANT000209;10104;Vodafone;300.0;Huawei
ANT000210;10104;1&1;60.0;Huawei
ANT000211;10104;1&1;180.0;Huawei
ANT000212;10104;1&1;300.0;Huawei
ANT000213;10716;Vodafone;60.0;Huawei
ANT000214;10716;Vodafone;180.0;Huawei
ANT000215;10716;Vodafone;300.0;Huawei
ANT000216;10159;Vodafone;60.0;Rosenberger
ANT000217;10159;Vodafone;180.0;Rosenberger
ANT000218;10159;Vodafone;300.0;Rosenberger
ANT000219;10142;Vodafone;60.0;Huawei
ANT000220;10142;Vodafone;180.0;Huawei
ANT000221;10142;Vodafone;300.0;Huawei
ANT000222;10849;Vodafone;60.0;Huawei
ANT000223;10849;Vodafone;180.0;Huawei
ANT000224;10849;Vodafone;300.0;Huawei
ANT000225;10849;Telekom;60.0;Huawei
ANT000226;10849;Telekom;180.0;Huawei
ANT000227;10849;Telekom;300.0;Huawei
ANT000228;10976;Vodafone;60.0;Commscope
ANT000229;10976;Vodafone;180.0;Commscope
ANT000230;10976;Vodafone;300.0;Commscope
ANT000231;10976;1&1;60.0;Amphenol
ANT000232;10976;1&1;180.0;Amphenol
ANT000233;10976;1&1;300.0;Amphenol
ANT000234;10024;Vodafone;60.0;Huawei
ANT000235;10024;Vodafone;180.0;Huawei
ANT000236;10024;Vodafone;300.0;Huawei
ANT000237;10024;1&1;60.0;Huawei
ANT000238;10024;1&1;180.0;Huawei
ANT000239;10024;1&1;300.0;Huawei
ANT000240;10320;Vodafone;60.0;Kathrein
ANT000241;10320;Vodafone;180.0;Kathrein
ANT000242;10320;Vodafone;300.0;Kathrein
ANT000243;10320;1&1;60.0;Kathrein
ANT000244;10320;1&1;180.0;Kathrein
ANT000245;10320;1&1;300.0;Kathrein
ANT000246;10984;Vodafone;60.0;Amphenol
ANT000247;10984;Vodafone;180.0;Amphenol
ANT000248;10984;Vodafone;300.0;Amphenol
ANT000249;10472;Telefonica;60.0;Amphenol
ANT000250;10472;Telefonica;180.0;Amphenol
ANT000251;10472;Telefonica;300.0;Amphenol
ANT000252;10624;Telekom;60.0;Amphenol
ANT000253;10624;Telekom;180.0;Amphenol
ANT000254;10624;Telekom;300.0;Amphenol
ANT000255;10522;Vodafone;40.0;Kathrein
ANT000256;10522;Vodafone;160.0;Kathrein
ANT000257;10522;Vodafone;280.0;Kathrein
ANT000258;10522;Telefonica;40.0;Rosenberger
ANT000259;10522;Telefonica;160.0;Rosenberger
ANT000260;10522;Telefonica;280.0;Rosenberger
ANT000261;10293;Telekom;60.0;Huawei
ANT000262;10293;Telekom;180.0;Huawei
ANT000263;10293;Telekom;300.0;Huawei
ANT000264;10515;Telefonica;60.0;Huawei
ANT000265;10515;Telefonica;180.0;Huawei
ANT000266;10515;Telefonica;300.0;Huawei
ANT000267;10908;Telefonica;20.0;Huawei
ANT000268;10908;Telefonica;140.0;Huawei
ANT000269;10908;Telefonica;260.0;Huawei
ANT000270;10042;Vodafone;60.0;Kathrein
ANT000271;10042;Vodafone;180.0;Kathrein
ANT000272;10042;Vodafone;300.0;Kathrein
ANT000273;10042;1&1;60.0;Huawei
ANT000274;10042;1&1;180.0;Huawei
ANT000275;10042;1&1;300.0;Huawei
ANT000276;10835;Telekom;60.0;Kathrein
ANT000277;10835;Telekom;180.0;Kathrein
ANT000278;10835;Telekom;300.0;Kathrein
ANT000279;10337;Telekom;60.0;Huawei
ANT000280;10337;Telekom;180.0;Huawei
ANT000281;10337;Telekom;300.0;Huawei
ANT000282;10382;Telefonica;0.0;Commscope
ANT000283;10382;Telefonica;90.0;Commscope
ANT000284;10382;Telefonica;200.0;Commscope
ANT000285;10575;Telefonica;0.0;Kathrein
ANT000286;10575;Telefonica;120.0;Kathrein
ANT000287;10575;Telefonica;240.0;Kathrein
ANT000288;10874;Telefonica;60.0;Huawei
ANT000289;10874;Telefonica;180.0;Huawei
ANT000290;10534;1&1;10.0;Commscope
ANT000291;10534;1&1;130.0;Commscope
ANT000292;10534;1&1;250.0;Commscope
ANT000293;10534;Telefonica;5.0;Commscope
ANT000294;10534;Telefonica;105.0;Commscope
ANT000295;10534;Telefonica;200.0;Commscope
ANT000296;10231;Telefonica;90.0;Rosenberger
ANT000297;10231;Telefonica;210.0;Rosenberger
ANT000298;10231;Telefonica;330.0;Rosenberger
ANT000299;10898;Telefonica;60.0;Kathrein
ANT000300;10898;Telefonica;180.0;Kathrein
ANT000301;10898;Telefonica;300.0;Kathrein
ANT000302;10671;Telefonica;60.0;Huawei
ANT000303;10671;Telefonica;180.0;Huawei
ANT000304;10671;Telefonica;300.0;Huawei
ANT000305;10703;Telefonica;0.0;Kathrein
ANT000306;10703;Telefonica;120.0;Kathrein
ANT000307;10703;Telefonica;240.0;Kathrein
ANT000308;10583;Telekom;0.0;Huawei
ANT000309;10583;Telekom;120.0;Huawei
ANT000310;10583;Telekom;240.0;Huawei
ANT000311;10583;Telefonica;60.0;Commscope
ANT000312;10583;Telefonica;180.0;Commscope
ANT000313;10583;Telefonica;300.0;Commscope
ANT000314;10626;Vodafone;60.0;Rosenberger
ANT000315;10626;Vodafone;180.0;Rosenberger
ANT000316;10626;Vodafone;300.0;Rosenberger
ANT000317;10626;Telefonica;60.0;Rosenberger
ANT000318;10626;Telefonica;180.0;Rosenberger
ANT000319;10626;Telefonica;300.0;Rosenberger
ANT000320;10890;Vodafone;60.0;Amphenol
ANT000321;10890;Vodafone;180.0;Amphenol
ANT000322;10890;Vodafone;300.0;Amphenol
ANT000323;10890;Telefonica;60.0;Commscope
ANT000324;10890;Telefonica;180.0;Commscope
ANT000325;10890;Telefonica;300.0;Commscope
ANT000326;10351;Telefonica;0.0;Commscope
ANT000327;10351;Telefonica;90.0;Commscope
ANT000328;10015;Telefonica;60.0;Huawei
ANT000329;10015;Telefonica;180.0;Huawei
ANT000330;10015;Telefonica;300.0;Huawei
ANT000331;10445;Telefonica;110.0;Huawei
ANT000332;10445;Telefonica;230.0;Huawei
ANT000333;10445;Telefonica;350.0;Huawei
ANT000334;10989;Telefonica;0.0;Huawei
ANT000335;10989;Telefonica;120.0;Huawei
ANT000336;10989;Telefonica;240.0;Huawei
ANT000337;10848;Telefonica;20.0;Amphenol
ANT000338;10848;Telefonica;140.0;Amphenol
ANT000339;10848;Telefonica;260.0;Amphenol
ANT000340;10717;Telefonica;0.0;Amphenol
ANT000341;10717;Telefonica;160.0;Amphenol
ANT000342;10717;Telefonica;270.0;Amphenol
ANT000343;10571;Telekom;60.0;Kathrein
ANT000344;10571;Telekom;180.0;Kathrein
ANT000345;10571;Telekom;300.0;Kathrein
ANT000346;10571;Telefonica;60.0;Huawei
ANT000347;10571;Telefonica;180.0;Huawei
ANT000348;10571;Telefonica;300.0;Huawei
ANT000349;10486;Vodafone;135.0;Huawei
ANT000350;10486;Vodafone;225.0;Huawei
ANT000351;10761;Telefonica;60.0;Kathrein
ANT000352;10761;Telefonica;180.0;Kathrein
ANT000353;10761;Telefonica;300.0;Kathrein
ANT000354;10603;Telefonica;0.0;Huawei
ANT000355;10603;Telefonica;120.0;Huawei
ANT000356;10603;Telefonica;240.0;Huawei
ANT000357;10711;Telefonica;60.0;Huawei
ANT000358;10711;Telefonica;180.0;Huawei
ANT000359;10711;Telefonica;300.0;Huawei
ANT000360;10886;Vodafone;60.0;Huawei
ANT000361;10886;Vodafone;180.0;Huawei
ANT000362;10886;Vodafone;300.0;Huawei
ANT000363;10886;Telefonica;60.0;Commscope
ANT000364;10886;Telefonica;180.0;Commscope
ANT000365;10886;Telefonica;300.0;Commscope
ANT000366;10744;Vodafone;60.0;Huawei
ANT000367;10744;Vodafone;180.0;Huawei
ANT000368;10744;Vodafone;300.0;Huawei
ANT000369;10744;1&1;60.0;Huawei
ANT000370;10744;1&1;180.0;Huawei
ANT000371;10744;1&1;300.0;Huawei
ANT000372;10666;Vodafone;60.0;Kathrein
ANT000373;10666;Vodafone;180.0;Kathrein
ANT000374;10666;Vodafone;300.0;Kathrein
ANT000375;10997;Vodafone;60.0;Commscope
ANT000376;10997;Vodafone;180.0;Commscope
ANT000377;10997;Vodafone;300.0;Commscope
ANT000378;10934;Vodafone;60.0;Huawei
ANT000379;10934;Vodafone;180.0;Huawei
ANT000380;10934;Vodafone;300.0;Huawei
ANT000381;10934;1&1;60.0;Amphenol
ANT000382;10934;1&1;180.0;Amphenol
ANT000383;10934;1&1;300.0;Amphenol
ANT000384;10543;Vodafone;60.0;Kathrein
ANT000385;10543;Vodafone;180.0;Kathrein
ANT000386;10543;Vodafone;300.0;Kathrein
ANT000387;10584;Vodafone;60.0;Commscope
ANT000388;10584;Vodafone;180.0;Commscope
ANT000389;10584;Vodafone;300.0;Commscope
ANT000390;10750;Vodafone;60.0;Kathrein
ANT000391;10750;Vodafone;180.0;Kathrein
ANT000392;10750;Vodafone;300.0;Kathrein
ANT000393;10469;Vodafone;60.0;Huawei
ANT000394;10469;Vodafone;180.0;Huawei
ANT000395;10469;Vodafone;300.0;Huawei
ANT000396;10420;Telefonica;60.0;Kathrein
ANT000397;10420;Telefonica;180.0;Kathrein
ANT000398;10420;Telefonica;300.0;Kathrein
ANT000399;10573;Vodafone;60.0;Huawei
ANT000400;10573;Vodafone;180.0;Huawei
ANT000401;10573;Vodafone;300.0;Huawei
ANT000402;10573;Telekom;60.0;Huawei
ANT000403;10573;Telekom;180.0;Huawei
ANT000404;10573;Telekom;300.0;Huawei
ANT000405;10573;Telefonica;60.0;Kathrein
ANT000406;10573;Telefonica;180.0;Kathrein
ANT000407;10573;Telefonica;300.0;Kathrein
ANT000408;10037;Vodafone;80.0;Commscope
ANT000409;10037;Vodafone;200.0;Commscope
ANT000410;10037;Vodafone;320.0;Commscope
ANT000411;10957;Telefonica;0.0;Kathrein
ANT000412;10957;Telefonica;120.0;Kathrein
ANT000413;10957;Telefonica;240.0;Kathrein
ANT000414;10850;Telefonica;60.0;Commscope
ANT000415;10850;Telefonica;180.0;Commscope
ANT000416;10850;Telefonica;300.0;Commscope
ANT000417;10728;Telekom;60.0;Huawei
ANT000418;10728;Telekom;180.0;Huawei
ANT000419;10728;Telekom;300.0;Huawei
ANT000420;10207;Vodafone;60.0;Huawei
ANT000421;10207;Vodafone;180.0;Huawei
ANT000422;10207;Vodafone;300.0;Huawei
ANT000423;10207;Telekom;110.0;Rosenberger
ANT000424;10207;Telekom;220.0;Rosenberger
ANT000425;10207;Telekom;340.0;Rosenberger
ANT000426;10207;Telefonica;60.0;Huawei
ANT000427;10207;Telefonica;180.0;Huawei
ANT000428;10207;Telefonica;300.0;Huawei
ANT000429;10820;Telefonica;60.0;Huawei
ANT000430;10820;Telefonica;180.0;Huawei
ANT000431;10820;Telefonica;300.0;Huawei
ANT000432;10930;Telefonica;0.0;Huawei
ANT000433;10930;Telefonica;120.0;Huawei
ANT000434;10930;Telefonica;240.0;Huawei
ANT000435;10098;Telefonica;0.0;Amphenol
ANT000436;10098;Telefonica;90.0;Amphenol
ANT000437;10098;Telefonica;180.0;Amphenol
ANT000438;10550;Vodafone;60.0;Kathrein
ANT000439;10550;Vodafone;180.0;Kathrein
ANT000440;10550;Vodafone;300.0;Kathrein
ANT000441;10747;Telekom;60.0;Huawei
ANT000442;10747;Telekom;180.0;Huawei
ANT000443;10747;Telekom;300.0;Huawei
ANT000444;10747;Telefonica;60.0;Huawei
ANT000445;10747;Telefonica;180.0;Huawei
ANT000446;10747;Telefonica;300.0;Huawei
ANT000447;10297;Vodafone;60.0;Rosenberger
ANT000448;10297;Vodafone;180.0;Rosenberger
ANT000449;10297;Vodafone;300.0;Rosenberger
ANT000450;10297;1&1;60.0;Huawei
ANT000451;10297;1&1;180.0;Huawei
ANT000452;10297;1&1;300.0;Huawei
ANT000453;10197;Vodafone;60.0;Huawei
ANT000454;10197;Vodafone;180.0;Huawei
ANT000455;10197;Vodafone;300.0;Huawei
ANT000456;10197;1&1;60.0;Huawei
ANT000457;10197;1&1;180.0;Huawei
ANT000458;10197;1&1;300.0;Huawei
ANT000459;10381;Telekom;60.0;Kathrein
ANT000460;10381;Telekom;180.0;Kathrein
ANT000461;10381;Telekom;300.0;Kathrein
ANT000462;10386;Telefonica;60.0;Rosenberger
ANT000463;10386;Telefonica;180.0;Rosenberger
ANT000464;10386;Telefonica;300.0;Rosenberger
ANT000465;10636;Telekom;60.0;Amphenol
ANT000466;10636;Telekom;180.0;Amphenol
ANT000467;10636;Telekom;300.0;Amphenol
ANT000468;10447;1&1;60.0;Commscope
ANT000469;10447;1&1;180.0;Commscope
ANT000470;10447;1&1;300.0;Commscope
ANT000471;10447;Telefonica;60.0;Kathrein
ANT000472;10447;Telefonica;180.0;Kathrein
ANT000473;10447;Telefonica;300.0;Kathrein
ANT000474;10087;Telefonica;60.0;Commscope
ANT000475;10087;Telefonica;180.0;Commscope
ANT000476;10087;Telefonica;300.0;Commscope
ANT000477;10828;Telekom;60.0;Amphenol
ANT000478;10828;Telekom;180.0;Amphenol
ANT000479;10828;Telekom;300.0;Amphenol
ANT000480;10523;Telekom;60.0;Rosenberger
ANT000481;10523;Telekom;180.0;Rosenberger
ANT000482;10523;Telekom;300.0;Rosenberger
ANT000483;10443;Vodafone;60.0;Kathrein
ANT000484;10443;Vodafone;180.0;Kathrein
ANT000485;10443;Vodafone;300.0;Kathrein
ANT000486;10660;Vodafone;60.0;Amphenol
ANT000487;10660;Vodafone;180.0;Amphenol
ANT000488;10660;Vodafone;300.0;Amphenol
ANT000489;10899;Vodafone;60.0;Huawei
ANT000490;10899;Vodafone;180.0;Huawei
ANT000491;10899;Vodafone;300.0;Huawei
ANT000492;10387;Vodafone;30.0;Huawei
ANT000493;10387;Vodafone;150.0;Huawei
ANT000494;10387;Vodafone;270.0;Huawei
ANT000495;10387;1&1;60.0;Amphenol
ANT000496;10387;1&1;180.0;Amphenol
ANT000497;10387;1&1;300.0;Amphenol
ANT000498;10387;Telefonica;30.0;Commscope
ANT000499;10387;Telefonica;150.0;Commscope
ANT000500;10387;Telefonica;270.0;Commscope
ANT000501;10387;Telefonica;185.0;Huawei
ANT000502;10387;Telefonica;295.0;Huawei
ANT000503;10020;Telekom;60.0;Rosenberger
ANT000504;10020;Telekom;180.0;Rosenberger
ANT000505;10020;Telekom;300.0;Rosenberger
ANT000506;10220;Telekom;60.0;Commscope
ANT000507;10220;Telekom;180.0;Commscope
ANT000508;10220;Telekom;300.0;Commscope
ANT000509;10680;Vodafone;60.0;Huawei
ANT000510;10680;Vodafone;180.0;Huawei
ANT000511;10680;Vodafone;300.0;Huawei
ANT000512;10680;Telekom;60.0;Kathrein
ANT000513;10680;Telekom;180.0;Kathrein
ANT000514;10680;Telekom;300.0;Kathrein
ANT000515;10680;Telefonica;60.0;Huawei
ANT000516;10680;Telefonica;180.0;Huawei
ANT000517;10680;Telefonica;300.0;Huawei
ANT000518;10108;Telefonica;40.0;Huawei
ANT000519;10108;Telefonica;150.0;Huawei
ANT000520;10108;Telefonica;270.0;Huawei
ANT000521;10967;Vodafone;;Kathrein
ANT000522;10967;Vodafone;;Kathrein
ANT000523;10967;Vodafone;;Kathrein
ANT000524;10967;Vodafone;;Kathrein
ANT000525;10967;Vodafone;;Kathrein
ANT000526;10967;Vodafone;;Kathrein
ANT000527;10967;Vodafone;;Kathrein
ANT000528;10967;Vodafone;;Kathrein
ANT000529;10967;Vodafone;;Kathrein
ANT000530;10967;Vodafone;;Kathrein
ANT000531;10967;Vodafone;;Kathrein
ANT000532;10967;Vodafone;;Kathrein
ANT000533;10967;Telekom;;Huawei
ANT000534;10967;Telekom;;Huawei
ANT000535;10967;Telekom;;Huawei
ANT000536;10967;Telekom;;Huawei
ANT000537;10967;Telekom;;Huawei
ANT000538;10967;Telekom;;Huawei
ANT000539;10967;Telekom;;Huawei
ANT000540;10967;Telekom;;Huawei
ANT000541;10967;Telekom;;Huawei
ANT000542;10967;Telekom;;Huawei
ANT000543;10967;Telekom;;Huawei
ANT000544;10967;Telekom;;Huawei
ANT000545;10967;Telefonica;;Commscope
ANT000546;10967;Telefonica;;Commscope
ANT000547;10967;Telefonica;;Commscope
ANT000548;10967;Telefonica;;Commscope
ANT000549;10967;Telefonica;;Commscope
ANT000550;10967;Telefonica;;Commscope
ANT000551;10967;Telefonica;;Commscope
ANT000552;10967;Telefonica;;Commscope
ANT000553;10967;Telefonica;;Commscope
ANT000554;10967;Telefonica;;Commscope
ANT000555;10967;Telefonica;;Commscope
ANT000556;10967;Telefonica;;Commscope
ANT000557;10730;Telefonica;80.0;Rosenberger
ANT000558;10730;Telefonica;200.0;Rosenberger
ANT000559;10730;Telefonica;320.0;Rosenberger
ANT000560;10423;Telefonica;30.0;Kathrein
ANT000561;10423;Telefonica;150.0;Kathrein
ANT000562;10423;Telefonica;270.0;Kathrein
ANT000563;10017;Telekom;60.0;Kathrein
ANT000564;10017;Telekom;180.0;Kathrein
ANT000565;10017;Telekom;300.0;Kathrein
ANT000566;10410;Vodafone;60.0;Huawei
ANT000567;10410;Vodafone;180.0;Huawei
ANT000568;10410;Vodafone;300.0;Huawei
ANT000569;10410;Telekom;70.0;Huawei
ANT000570;10410;Telekom;190.0;Huawei
ANT000571;10410;Telekom;310.0;Huawei
ANT000572;10410;Telefonica;80.0;Commscope
ANT000573;10410;Telefonica;200.0;Commscope
ANT000574;10410;Telefonica;320.0;Commscope
ANT000575;10266;Telekom;60.0;Huawei
ANT000576;10266;Telekom;180.0;Huawei
ANT000577;10266;Telekom;300.0;Huawei
ANT000578;10266;Telefonica;100.0;Huawei
ANT000579;10266;Telefonica;220.0;Huawei
ANT000580;10266;Telefonica;340.0;Huawei
ANT000581;10476;Vodafone;30.0;Huawei
ANT000582;10476;Vodafone;150.0;Huawei
ANT000583;10476;Vodafone;270.0;Huawei
ANT000584;10476;Telekom;60.0;Huawei
ANT000585;10476;Telekom;180.0;Huawei
ANT000586;10476;Telekom;300.0;Huawei
ANT000587;10476;Telefonica;30.0;Kathrein
ANT000588;10476;Telefonica;150.0;Kathrein
ANT000589;10476;Telefonica;270.0;Kathrein
ANT000590;10623;Telekom;60.0;Huawei
ANT000591;10623;Telekom;180.0;Huawei
ANT000592;10623;Telekom;300.0;Huawei
ANT000593;10590;Telekom;60.0;Amphenol
ANT000594;10590;Telekom;180.0;Amphenol
ANT000595;10590;Telekom;300.0;Amphenol
ANT000596;10847;Telefonica;60.0;Huawei
ANT000597;10847;Telefonica;180.0;Huawei
ANT000598;10847;Telefonica;300.0;Huawei
ANT000599;10970;Vodafone;;Huawei
ANT000600;10970;Vodafone;;Huawei
ANT000601;10970;Vodafone;;Huawei
ANT000602;10970;Vodafone;;Huawei
ANT000603;10970;Vodafone;;Huawei
ANT000604;10970;Vodafone;;Huawei
ANT000605;10970;Vodafone;;Huawei
ANT000606;10970;Vodafone;;Huawei
ANT000607;10970;Vodafone;;Huawei
ANT000608;10970;Vodafone;;Huawei
ANT000609;10970;Vodafone;;Huawei
ANT000610;10970;Vodafone;;Huawei
ANT000611;10970;Vodafone;;Huawei
ANT000612;10970;Vodafone;;Huawei
ANT000613;10970;Vodafone;;Huawei
ANT000614;10970;Vodafone;;Huawei
ANT000615;10970;Vodafone;;Huawei
ANT000616;10970;Vodafone;;Huawei
ANT000617;10970;Vodafone;;Huawei
ANT000618;10970;Vodafone;;Huawei
ANT000619;10970;Vodafone;;Huawei
ANT000620;10970;Vodafone;;Huawei
ANT000621;10970;Vodafone;;Huawei
ANT000622;10970;Vodafone;;Huawei
ANT000623;10970;Vodafone;;Huawei
ANT000624;10970;Vodafone;;Huawei
ANT000625;10970;Vodafone;;Huawei
ANT000626;10970;Vodafone;;Huawei
ANT000627;10970;Vodafone;;Huawei
ANT000628;10970;Vodafone;;Huawei
ANT000629;10970;Vodafone;;Huawei
ANT000630;10970;Vodafone;;Huawei
ANT000631;10970;Vodafone;;Huawei
ANT000632;10970;Vodafone;;Huawei
ANT000633;10970;Vodafone;;Huawei
ANT000634;10970;Vodafone;;Huawei
ANT000635;10970;Vodafone;;Huawei
ANT000636;10970;Vodafone;;Huawei
ANT000637;10970;Vodafone;;Huawei
ANT000638;10970;Vodafone;;Huawei
ANT000639;10970;Vodafone;;Huawei
ANT000640;10970;Vodafone;;Huawei
ANT000641;10970;Vodafone;;Huawei
ANT000642;10970;Vodafone;;Huawei
ANT000643;10970;Vodafone;;Huawei
ANT000644;10970;Vodafone;;Huawei
ANT000645;10970;Vodafone;;Huawei
ANT000646;10970;Vodafone;;Huawei
ANT000647;10970;Vodafone;;Huawei
ANT000648;10970;Vodafone;;Huawei
ANT000649;10970;Vodafone;;Huawei
ANT000650;10970;Vodafone;;Huawei
ANT000651;10970;Vodafone;;Huawei
ANT000652;10970;Vodafone;;Huawei
ANT000653;10970;Vodafone;;Huawei
ANT000654;10970;Vodafone;;Huawei
ANT000655;10970;Vodafone;;Huawei
ANT000656;10970;Vodafone;;Huawei
ANT000657;10970;Vodafone;;Huawei
ANT000658;10970;Vodafone;;Huawei
ANT000659;10970;Vodafone;;Huawei
ANT000660;10970;Vodafone;;Huawei
ANT000661;10970;Vodafone;;Huawei
ANT000662;10970;Vodafone;;Huawei
ANT000663;10970;Telekom;;Huawei
ANT000664;10970;Telekom;;Huawei
ANT000665;10970;Telekom;;Huawei
ANT000666;10970;Telekom;;Huawei
ANT000667;10970;Telekom;;Huawei
ANT000668;10970;Telekom;;Huawei
ANT000669;10970;Telekom;;Huawei
ANT000670;10970;Telekom;;Huawei
ANT000671;10970;Telekom;;Huawei
ANT000672;10970;Telekom;;Huawei
ANT000673;10970;Telekom;;Huawei
ANT000674;10970;Telekom;;Huawei
ANT000675;10970;Telekom;;Huawei
ANT000676;10970;Telekom;;Huawei
ANT000677;10970;Telekom;;Huawei
ANT000678;10970;Telekom;;Huawei
ANT000679;10970;Telekom;;Huawei
ANT000680;10970;Telekom;;Huawei
ANT000681;10970;Telekom;;Huawei
ANT000682;10970;Telekom;;Huawei
ANT000683;10970;Telekom;;Huawei
ANT000684;10970;Telekom;;Huawei
ANT000685;10970;Telekom;;Huawei
ANT000686;10970;Telekom;;Huawei
ANT000687;10970;Telekom;;Huawei
ANT000688;10970;Telekom;;Huawei
ANT000689;10970;Telekom;;Huawei
ANT000690;10970;Telekom;;Huawei
ANT000691;10970;Telekom;;Huawei
ANT000692;10970;Telekom;;Huawei
ANT000693;10970;Telekom;;Huawei
ANT000694;10970;Telekom;;Huawei
ANT000695;10970;Telekom;;Huawei
ANT000696;10970;Telekom;;Huawei
ANT000697;10970;Telekom;;Huawei
ANT000698;10970;Telekom;;Huawei
ANT000699;10970;Telekom;;Huawei
ANT000700;10970;Telekom;;Huawei
ANT000701;10970;Telekom;;Huawei
ANT000702;10970;Telekom;;Huawei
ANT000703;10970;Telekom;;Huawei
ANT000704;10970;Telekom;;Huawei
ANT000705;10970;Telekom;;Huawei
ANT000706;10970;Telekom;;Huawei
ANT000707;10970;Telekom;;Huawei
ANT000708;10970;Telekom;;Huawei
ANT000709;10970;Telekom;;Huawei
ANT000710;10970;Telekom;;Huawei
ANT000711;10970;Telekom;;Huawei
ANT000712;10970;Telekom;;Huawei
ANT000713;10970;Telekom;;Huawei
ANT000714;10970;Telekom;;Huawei
ANT000715;10970;Telekom;;Huawei
ANT000716;10970;Telekom;;Huawei
ANT000717;10970;Telekom;;Huawei
ANT000718;10970;Telekom;;Huawei
ANT000719;10970;Telekom;;Huawei
ANT000720;10970;Telekom;;Huawei
ANT000721;10970;Telekom;;Huawei
ANT000722;10970;Telekom;;Huawei
ANT000723;10970;Telekom;;Huawei
ANT000724;10970;Telekom;;Huawei
ANT000725;10970;Telekom;;Huawei
ANT000726;10970;Telekom;;Huawei
ANT000727;10970;Telefonica;;Huawei
ANT000728;10970;Telefonica;;Huawei
ANT000729;10970;Telefonica;;Huawei
ANT000730;10970;Telefonica;;Huawei
ANT000731;10970;Telefonica;;Huawei
ANT000732;10970;Telefonica;;Huawei
ANT000733;10970;Telefonica;;Huawei
ANT000734;10970;Telefonica;;Huawei
ANT000735;10970;Telefonica;;Huawei
ANT000736;10970;Telefonica;;Huawei
ANT000737;10970;Telefonica;;Huawei
ANT000738;10970;Telefonica;;Huawei
ANT000739;10970;Telefonica;;Huawei
ANT000740;10970;Telefonica;;Huawei
ANT000741;10970;Telefonica;;Huawei
ANT000742;10970;Telefonica;;Huawei
ANT000743;10970;Telefonica;;Huawei
ANT000744;10970;Telefonica;;Huawei
ANT000745;10970;Telefonica;;Huawei
ANT000746;10970;Telefonica;;Huawei
ANT000747;10970;Telefonica;;Huawei
ANT000748;10970;Telefonica;;Huawei
ANT000749;10970;Telefonica;;Huawei
ANT000750;10970;Telefonica;;Huawei
ANT000751;10970;Telefonica;;Huawei
ANT000752;10970;Telefonica;;Huawei
ANT000753;10970;Telefonica;;Huawei
ANT000754;10970;Telefonica;;Huawei
ANT000755;10970;Telefonica;;Huawei
ANT000756;10970;Telefonica;;Huawei
ANT000757;10970;Telefonica;;Huawei
ANT000758;10970;Telefonica;;Huawei
ANT000759;10970;Telefonica;;Huawei
ANT000760;10970;Telefonica;;Huawei
ANT000761;10970;Telefonica;;Huawei
ANT000762;10970;Telefonica;;Huawei
ANT000763;10970;Telefonica;;Huawei
ANT000764;10970;Telefonica;;Huawei
ANT000765;10970;Telefonica;;Huawei
ANT000766;10970;Telefonica;;Huawei
ANT000767;10970;Telefonica;;Huawei
ANT000768;10970;Telefonica;;Huawei
ANT000769;10970;Telefonica;;Huawei
ANT000770;10970;Telefonica;;Huawei
ANT000771;10970;Telefonica;;Huawei
ANT000772;10970;Telefonica;;Huawei
ANT000773;10970;Telefonica;;Huawei
ANT000774;10970;Telefonica;;Huawei
ANT000775;10970;Telefonica;;Huawei
ANT000776;10970;Telefonica;;Huawei
ANT000777;10970;Telefonica;;Huawei
ANT000778;10970;Telefonica;;Huawei
ANT000779;10970;Telefonica;;Huawei
ANT000780;10970;Telefonica;;Huawei
ANT000781;10970;Telefonica;;Huawei
ANT000782;10970;Telefonica;;Huawei
ANT000783;10970;Telefonica;;Huawei
ANT000784;10970;Telefonica;;Huawei
ANT000785;10970;Telefonica;;Huawei
ANT000786;10970;Telefonica;;Huawei
ANT000787;10970;Telefonica;;Huawei
ANT000788;10970;Telefonica;;Huawei
ANT000789;10970;Telefonica;;Huawei
ANT000790;10970;Telefonica;;Huawei
ANT000791;10074;Telekom;60.0;Huawei
ANT000792;10074;Telekom;180.0;Huawei
ANT000793;10074;Telekom;300.0;Huawei
ANT000794;10754;Vodafone;60.0;Commscope
ANT000795;10754;Vodafone;180.0;Commscope
ANT000796;10754;Vodafone;300.0;Commscope
ANT000797;10754;Telekom;60.0;Rosenberger
ANT000798;10754;Telekom;180.0;Rosenberger
ANT000799;10754;Telekom;300.0;Rosenberger
ANT000800;10333;Telefonica;0.0;Huawei
ANT000801;10333;Telefonica;100.0;Huawei
ANT000802;10333;Telefonica;210.0;Huawei
ANT000803;10333;Telefonica;115.0;Commscope
ANT000804;10333;Telefonica;240.0;Commscope
ANT000805;10333;Telefonica;350.0;Commscope
ANT000806;10582;Vodafone;0.0;Huawei
ANT000807;10582;Vodafone;120.0;Huawei
ANT000808;10582;Vodafone;240.0;Huawei
ANT000809;10582;Telekom;60.0;Huawei
ANT000810;10582;Telekom;180.0;Huawei
ANT000811;10582;Telekom;300.0;Huawei
ANT000812;10582;Telefonica;0.0;Commscope
ANT000813;10582;Telefonica;120.0;Commscope
ANT000814;10582;Telefonica;240.0;Commscope
ANT000815;10903;Vodafone;60.0;Kathrein
ANT000816;10903;Vodafone;180.0;Kathrein
ANT000817;10903;Vodafone;300.0;Kathrein
ANT000818;10903;Telekom;60.0;Huawei
ANT000819;10903;Telekom;180.0;Huawei
ANT000820;10903;Telekom;300.0;Huawei
ANT000821;10903;Telefonica;60.0;Commscope
ANT000822;10903;Telefonica;180.0;Commscope
ANT000823;10903;Telefonica;300.0;Commscope
ANT000824;10745;Vodafone;15.0;Commscope
ANT000825;10745;Vodafone;135.0;Commscope
ANT000826;10745;Vodafone;255.0;Commscope
ANT000827;10745;Telekom;30.0;Kathrein
ANT000828;10745;Telekom;150.0;Kathrein
ANT000829;10745;Telekom;270.0;Kathrein
ANT000830;10745;Telefonica;60.0;Kathrein
ANT000831;10745;Telefonica;180.0;Kathrein
ANT000832;10745;Telefonica;300.0;Kathrein
ANT000833;10852;Telekom;60.0;Kathrein
ANT000834;10852;Telekom;180.0;Kathrein
ANT000835;10852;Telekom;300.0;Kathrein
ANT000836;10272;Vodafone;;Commscope
ANT000837;10272;Vodafone;;Commscope
ANT000838;10272;Vodafone;;Commscope
ANT000839;10272;Vodafone;;Commscope
ANT000840;10272;Vodafone;;Commscope
ANT000841;10272;Vodafone;;Commscope
ANT000842;10272;Vodafone;;Commscope
ANT000843;10272;Vodafone;;Commscope
ANT000844;10272;Vodafone;;Commscope
ANT000845;10272;Vodafone;;Commscope
ANT000846;10272;Vodafone;;Commscope
ANT000847;10272;Vodafone;;Commscope
ANT000848;10272;Vodafone;;Commscope
ANT000849;10272;Vodafone;;Commscope
ANT000850;10272;Vodafone;;Commscope
ANT000851;10272;Vodafone;;Commscope
ANT000852;10272;Vodafone;;Commscope
ANT000853;10272;Vodafone;;Commscope
ANT000854;10272;Vodafone;;Commscope
ANT000855;10272;Vodafone;;Commscope
ANT000856;10272;Vodafone;;Commscope
ANT000857;10272;Vodafone;;Commscope
ANT000858;10272;Vodafone;;Commscope
ANT000859;10272;Vodafone;;Commscope
ANT000860;10272;Vodafone;;Commscope
ANT000861;10272;Vodafone;;Commscope
ANT000862;10272;Vodafone;;Commscope
ANT000863;10272;Vodafone;;Commscope
ANT000864;10272;Vodafone;;Commscope
ANT000865;10272;Vodafone;;Commscope
ANT000866;10272;Vodafone;;Commscope
ANT000867;10272;Vodafone;;Commscope
ANT000868;10272;Vodafone;;Commscope
ANT000869;10272;Vodafone;;Commscope
ANT000870;10272;Vodafone;;Commscope
ANT000871;10272;Vodafone;;Commscope
ANT000872;10272;Vodafone;;Commscope
ANT000873;10272;Vodafone;;Commscope
ANT000874;10272;Vodafone;;Commscope
ANT000875;10272;Vodafone;;Commscope
ANT000876;10272;Vodafone;;Commscope
ANT000877;10272;Vodafone;;Commscope
ANT000878;10272;Vodafone;;Commscope
ANT000879;10272;Vodafone;;Commscope
ANT000880;10272;Vodafone;;Commscope
ANT000881;10272;Vodafone;;Commscope
ANT000882;10272;Vodafone;;Commscope
ANT000883;10272;Vodafone;;Commscope
ANT000884;10272;Vodafone;;Commscope
ANT000885;10272;Vodafone;;Commscope
ANT000886;10272;Vodafone;;Commscope
ANT000887;10272;Vodafone;;Commscope
ANT000888;10272;Vodafone;;Commscope
ANT000889;10272;Vodafone;;Commscope
ANT000890;10272;Vodafone;;Commscope
ANT000891;10272;Vodafone;;Commscope
ANT000892;10272;Vodafone;;Commscope
ANT000893;10272;Vodafone;;Commscope
ANT000894;10272;Vodafone;;Commscope
ANT000895;10272;Vodafone;;Commscope
ANT000896;10272;Vodafone;;Commscope
ANT000897;10272;Vodafone;;Commscope
ANT000898;10272;Vodafone;;Commscope
ANT000899;10272;Vodafone;;Commscope
ANT000900;10272;Vodafone;;Commscope
ANT000901;10272;Vodafone;;Commscope
ANT000902;10272;Vodafone;;Commscope
ANT000903;10272;Vodafone;;Commscope
ANT000904;10272;Vodafone;;Commscope
ANT000905;10272;Vodafone;;Commscope
ANT000906;10272;Vodafone;;Commscope
ANT000907;10272;Vodafone;;Commscope
ANT000908;10272;Vodafone;;Commscope
ANT000909;10272;Vodafone;;Commscope
ANT000910;10272;Vodafone;;Commscope
ANT000911;10272;Vodafone;;Commscope
ANT000912;10272;Vodafone;;Commscope
ANT000913;10272;Vodafone;;Commscope
ANT000914;10272;Vodafone;;Commscope
ANT000915;10272;Vodafone;;Commscope
ANT000916;10272;Vodafone;;Commscope
ANT000917;10272;Vodafone;;Commscope
ANT000918;10272;Vodafone;;Commscope
ANT000919;10272;Vodafone;;Commscope
ANT000920;10272;Vodafone;;Commscope
ANT000921;10272;Vodafone;;Commscope
ANT000922;10272;Vodafone;;Commscope
ANT000923;10272;Vodafone;;Commscope
ANT000924;10272;Vodafone;;Commscope
ANT000925;10272;Vodafone;;Commscope
ANT000926;10272;Vodafone;;Commscope
ANT000927;10272;Vodafone;;Commscope
ANT000928;10272;Vodafone;;Commscope
ANT000929;10272;Vodafone;;Commscope
ANT000930;10272;Vodafone;;Commscope
ANT000931;10272;Vodafone;;Commscope
ANT000932;10272;Vodafone;;Commscope
ANT000933;10272;Vodafone;;Commscope
ANT000934;10272;Vodafone;;Commscope
ANT000935;10272;Vodafone;;Commscope
ANT000936;10272;Vodafone;;Commscope
ANT000937;10272;Vodafone;;Commscope
ANT000938;10272;Vodafone;;Commscope
ANT000939;10272;Vodafone;;Commscope
ANT000940;10272;Vodafone;;Commscope
ANT000941;10272;Vodafone;;Commscope
ANT000942;10272;Vodafone;;Commscope
ANT000943;10272;Vodafone;;Commscope
ANT000944;10272;Telekom;;Huawei
ANT000945;10272;Telekom;;Huawei
ANT000946;10272;Telekom;;Huawei
ANT000947;10272;Telekom;;Huawei
ANT000948;10272;Telekom;;Huawei
ANT000949;10272;Telekom;;Huawei
ANT000950;10272;Telekom;;Huawei
ANT000951;10272;Telekom;;Huawei
ANT000952;10272;Telekom;;Huawei
ANT000953;10272;Telekom;;Huawei
ANT000954;10272;Telekom;;Huawei
ANT000955;10272;Telekom;;Huawei
ANT000956;10272;Telekom;;Huawei
ANT000957;10272;Telekom;;Huawei
ANT000958;10272;Telekom;;Huawei
ANT000959;10272;Telekom;;Huawei
ANT000960;10272;Telekom;;Huawei
ANT000961;10272;Telekom;;Huawei
ANT000962;10272;Telekom;;Huawei
ANT000963;10272;Telekom;;Huawei
ANT000964;10272;Telekom;;Huawei
ANT000965;10272;Telekom;;Huawei
ANT000966;10272;Telekom;;Huawei
ANT000967;10272;Telekom;;Huawei
ANT000968;10272;Telekom;;Huawei
ANT000969;10272;Telekom;;Huawei
ANT000970;10272;Telekom;;Huawei
ANT000971;10272;Telekom;;Huawei
ANT000972;10272;Telekom;;Huawei
ANT000973;10272;Telekom;;Huawei
ANT000974;10272;Telekom;;Huawei
ANT000975;10272;Telekom;;Huawei
ANT000976;10272;Telekom;;Huawei
ANT000977;10272;Telekom;;Huawei
ANT000978;10272;Telekom;;Huawei
ANT000979;10272;Telekom;;Huawei
ANT000980;10272;Telekom;;Huawei
ANT000981;10272;Telekom;;Huawei
ANT000982;10272;Telekom;;Huawei
ANT000983;10272;Telekom;;Huawei
ANT000984;10272;Telekom;;Huawei
ANT000985;10272;Telekom;;Huawei
ANT000986;10272;Telekom;;Huawei
ANT000987;10272;Telekom;;Huawei
ANT000988;10272;Telekom;;Huawei
ANT000989;10272;Telekom;;Huawei
ANT000990;10272;Telekom;;Huawei
ANT000991;10272;Telekom;;Huawei
ANT000992;10272;Telekom;;Huawei
ANT000993;10272;Telekom;;Huawei
ANT000994;10272;Telekom;;Huawei
ANT000995;10272;Telekom;;Huawei
ANT000996;10272;Telekom;;Huawei
ANT000997;10272;Telekom;;Huawei
ANT000998;10272;Telekom;;Huawei
ANT000999;10272;Telekom;;Huawei
ANT001000;10272;Telekom;;Huawei
ANT001001;10272;Telekom;;Huawei
ANT001002;10272;Telekom;;Huawei
ANT001003;10272;Telekom;;Huawei
ANT001004;10272;Telekom;;Huawei
ANT001005;10272;Telekom;;Huawei
ANT001006;10272;Telekom;;Huawei
ANT001007;10272;Telekom;;Huawei
ANT001008;10272;Telekom;;Huawei
ANT001009;10272;Telekom;;Huawei
ANT001010;10272;Telekom;;Huawei
ANT001011;10272;Telekom;;Huawei
ANT001012;10272;Telekom;;Huawei
ANT001013;10272;Telekom;;Huawei
ANT001014;10272;Telekom;;Huawei
ANT001015;10272;Telekom;;Huawei
ANT001016;10272;Telekom;;Huawei
ANT001017;10272;Telekom;;Huawei
ANT001018;10272;Telekom;;Huawei
ANT001019;10272;Telekom;;Huawei
ANT001020;10272;Telekom;;Huawei
ANT001021;10272;Telekom;;Huawei
ANT001022;10272;Telekom;;Huawei
ANT001023;10272;Telekom;;Huawei
ANT001024;10272;Telekom;;Huawei
ANT001025;10272;Telekom;;Huawei
ANT001026;10272;Telekom;;Huawei
ANT001027;10272;Telekom;;Huawei
ANT001028;10272;Telekom;;Huawei
ANT001029;10272;Telekom;;Huawei
ANT001030;10272;Telekom;;Huawei
ANT001031;10272;Telekom;;Huawei
ANT001032;10272;Telekom;;Huawei
ANT001033;10272;Telekom;;Huawei
ANT001034;10272;Telekom;;Huawei
ANT001035;10272;Telekom;;Huawei
ANT001036;10272;Telekom;;Huawei
ANT001037;10272;Telekom;;Huawei
ANT001038;10272;Telekom;;Huawei
ANT001039;10272;Telekom;;Huawei
ANT001040;10272;Telekom;;Huawei
ANT001041;10272;Telekom;;Huawei
ANT001042;10272;Telekom;;Huawei
ANT001043;10272;Telekom;;Huawei
ANT001044;10272;Telekom;;Huawei
ANT001045;10272;Telekom;;Huawei
ANT001046;10272;Telekom;;Huawei
ANT001047;10272;Telekom;;Huawei
ANT001048;10272;Telekom;;Huawei
ANT001049;10272;Telekom;;Huawei
ANT001050;10272;Telekom;;Huawei
ANT001051;10272;Telekom;;Huawei
ANT001052;10272;Telefonica;;Rosenberger
ANT001053;10272;Telefonica;;Rosenberger
ANT001054;10272;Telefonica;;Rosenberger
ANT001055;10272;Telefonica;;Rosenberger
ANT001056;10272;Telefonica;;Rosenberger
ANT001057;10272;Telefonica;;Rosenberger
ANT001058;10272;Telefonica;;Rosenberger
ANT001059;10272;Telefonica;;Rosenberger
ANT001060;10272;Telefonica;;Rosenberger
ANT001061;10272;Telefonica;;Rosenberger
ANT001062;10272;Telefonica;;Rosenberger
ANT001063;10272;Telefonica;;Rosenberger
ANT001064;10272;Telefonica;;Rosenberger
ANT001065;10272;Telefonica;;Rosenberger
ANT001066;10272;Telefonica;;Rosenberger
ANT001067;10272;Telefonica;;Rosenberger
ANT001068;10272;Telefonica;;Rosenberger
ANT001069;10272;Telefonica;;Rosenberger
ANT001070;10272;Telefonica;;Rosenberger
ANT001071;10272;Telefonica;;Rosenberger
ANT001072;10272;Telefonica;;Rosenberger
ANT001073;10272;Telefonica;;Rosenberger
ANT001074;10272;Telefonica;;Rosenberger
ANT001075;10272;Telefonica;;Rosenberger
ANT001076;10272;Telefonica;;Rosenberger
ANT001077;10272;Telefonica;;Rosenberger
ANT001078;10272;Telefonica;;Rosenberger
ANT001079;10272;Telefonica;;Rosenberger
ANT001080;10272;Telefonica;;Rosenberger
ANT001081;10272;Telefonica;;Rosenberger
ANT001082;10272;Telefonica;;Rosenberger
ANT001083;10272;Telefonica;;Rosenberger
ANT001084;10272;Telefonica;;Rosenberger
ANT001085;10272;Telefonica;;Rosenberger
ANT001086;10272;Telefonica;;Rosenberger
ANT001087;10272;Telefonica;;Rosenberger
ANT001088;10272;Telefonica;;Rosenberger
ANT001089;10272;Telefonica;;Rosenberger
ANT001090;10272;Telefonica;;Rosenberger
ANT001091;10272;Telefonica;;Rosenberger
ANT001092;10272;Telefonica;;Rosenberger
ANT001093;10272;Telefonica;;Rosenberger
ANT001094;10272;Telefonica;;Rosenberger
ANT001095;10272;Telefonica;;Rosenberger
ANT001096;10272;Telefonica;;Rosenberger
ANT001097;10272;Telefonica;;Rosenberger
ANT001098;10272;Telefonica;;Rosenberger
ANT001099;10272;Telefonica;;Rosenberger
ANT001100;10272;Telefonica;;Rosenberger
ANT001101;10272;Telefonica;;Rosenberger
ANT001102;10272;Telefonica;;Rosenberger
ANT001103;10272;Telefonica;;Rosenberger
ANT001104;10272;Telefonica;;Rosenberger
ANT001105;10272;Telefonica;;Rosenberger
ANT001106;10272;Telefonica;;Rosenberger
ANT001107;10272;Telefonica;;Rosenberger
ANT001108;10272;Telefonica;;Rosenberger
ANT001109;10272;Telefonica;;Rosenberger
ANT001110;10272;Telefonica;;Rosenberger
ANT001111;10272;Telefonica;;Rosenberger
ANT001112;10272;Telefonica;;Rosenberger
ANT001113;10272;Telefonica;;Rosenberger
ANT001114;10272;Telefonica;;Rosenberger
ANT001115;10272;Telefonica;;Rosenberger
ANT001116;10272;Telefonica;;Rosenberger
ANT001117;10272;Telefonica;;Rosenberger
ANT001118;10272;Telefonica;;Rosenberger
ANT001119;10272;Telefonica;;Rosenberger
ANT001120;10272;Telefonica;;Rosenberger
ANT001121;10272;Telefonica;;Rosenberger
ANT001122;10272;Telefonica;;Rosenberger
ANT001123;10272;Telefonica;;Rosenberger
ANT001124;10272;Telefonica;;Rosenberger
ANT001125;10272;Telefonica;;Rosenberger
ANT001126;10272;Telefonica;;Rosenberger
ANT001127;10272;Telefonica;;Rosenberger
ANT001128;10272;Telefonica;;Rosenberger
ANT001129;10272;Telefonica;;Rosenberger
ANT001130;10272;Telefonica;;Rosenberger
ANT001131;10272;Telefonica;;Rosenberger
ANT001132;10272;Telefonica;;Rosenberger
ANT001133;10272;Telefonica;;Rosenberger
ANT001134;10272;Telefonica;;Rosenberger
ANT001135;10272;Telefonica;;Rosenberger
ANT001136;10272;Telefonica;;Rosenberger
ANT001137;10272;Telefonica;;Rosenberger
ANT001138;10272;Telefonica;;Rosenberger
ANT001139;10272;Telefonica;;Rosenberger
ANT001140;10272;Telefonica;;Rosenberger
ANT001141;10272;Telefonica;;Rosenberger
ANT001142;10272;Telefonica;;Rosenberger
ANT001143;10272;Telefonica;;Rosenberger
ANT001144;10272;Telefonica;;Rosenberger
ANT001145;10272;Telefonica;;Rosenberger
ANT001146;10272;Telefonica;;Rosenberger
ANT001147;10272;Telefonica;;Rosenberger
ANT001148;10272;Telefonica;;Rosenberger
ANT001149;10272;Telefonica;;Rosenberger
ANT001150;10272;Telefonica;;Rosenberger
ANT001151;10272;Telefonica;;Rosenberger
ANT001152;10272;Telefonica;;Rosenberger
ANT001153;10272;Telefonica;;Rosenberger
ANT001154;10272;Telefonica;;Rosenberger
ANT001155;10272;Telefonica;;Rosenberger
ANT001156;10272;Telefonica;;Rosenberger
ANT001157;10272;Telefonica;;Rosenberger
ANT001158;10272;Telefonica;;Rosenberger
ANT001159;10272;Telefonica;;Rosenberger
ANT001160;10646;Telefonica;60.0;Huawei
ANT001161;10646;Telefonica;180.0;Huawei
ANT001162;10646;Telefonica;300.0;Huawei
ANT001163;10569;Telekom;30.0;Kathrein
ANT001164;10569;Telekom;150.0;Kathrein
ANT001165;10569;Telekom;270.0;Kathrein
ANT001166;10569;Telefonica;60.0;Amphenol
ANT001167;10569;Telefonica;180.0;Amphenol
ANT001168;10569;Telefonica;300.0;Amphenol
ANT001169;10211;Telefonica;60.0;Huawei
ANT001170;10211;Telefonica;180.0;Huawei
ANT001171;10211;Telefonica;300.0;Huawei
ANT001172;10185;Telekom;60.0;Huawei
ANT001173;10185;Telekom;180.0;Huawei
ANT001174;10185;Telekom;300.0;Huawei
ANT001175;10185;Telefonica;60.0;Huawei
ANT001176;10185;Telefonica;180.0;Huawei
ANT001177;10185;Telefonica;300.0;Huawei
ANT001178;10641;Telekom;60.0;Huawei
ANT001179;10641;Telekom;180.0;Huawei
ANT001180;10641;Telekom;300.0;Huawei
ANT001181;10527;Telekom;60.0;Rosenberger
ANT001182;10527;Telekom;180.0;Rosenberger
ANT001183;10527;Telekom;300.0;Rosenberger
ANT001184;10450;Vodafone;0.0;Commscope
ANT001185;10450;Vodafone;180.0;Commscope
ANT001186;10450;Vodafone;300.0;Commscope
ANT001187;10450;Telekom;0.0;Huawei
ANT001188;10450;Telekom;180.0;Huawei
ANT001189;10450;Telekom;300.0;Huawei
ANT001190;10450;Vodafone;60.0;Rosenberger
ANT001191;10900;Vodafone;60.0;Amphenol
ANT001192;10900;Vodafone;180.0;Amphenol
ANT001193;10900;Vodafone;300.0;Amphenol
ANT001194;10900;Telekom;90.0;Huawei
ANT001195;10900;Telekom;210.0;Huawei
ANT001196;10900;Telekom;330.0;Huawei
ANT001197;10900;Telefonica;60.0;Huawei
ANT001198;10900;Telefonica;180.0;Huawei
ANT001199;10900;Telefonica;300.0;Huawei
ANT001200;10548;Telekom;60.0;Kathrein
ANT001201;10548;Telekom;180.0;Kathrein
ANT001202;10548;Telekom;300.0;Kathrein
ANT001203;10058;Vodafone;60.0;Huawei
ANT001204;10058;Vodafone;180.0;Huawei
ANT001205;10058;Vodafone;300.0;Huawei
ANT001206;10058;Telefonica;60.0;Amphenol
ANT001207;10058;Telefonica;180.0;Amphenol
ANT001208;10058;Telefonica;300.0;Amphenol
ANT001209;10013;Vodafone;60.0;Kathrein
ANT001210;10013;Vodafone;180.0;Kathrein
ANT001211;10013;Vodafone;300.0;Kathrein
ANT001212;10013;Telekom;60.0;Huawei
ANT001213;10013;Telekom;180.0;Huawei
ANT001214;10013;Telekom;300.0;Huawei
ANT001215;10165;Telekom;60.0;Huawei
ANT001216;10165;Telekom;180.0;Huawei
ANT001217;10165;Telekom;300.0;Huawei
ANT001218;10165;Telefonica;60.0;Huawei
ANT001219;10165;Telefonica;180.0;Huawei
ANT001220;10165;Telefonica;300.0;Huawei
ANT001221;10546;Vodafone;60.0;Kathrein
ANT001222;10546;Vodafone;180.0;Kathrein
ANT001223;10546;Vodafone;300.0;Kathrein
ANT001224;10546;Telekom;60.0;Kathrein
ANT001225;10546;Telekom;180.0;Kathrein
ANT001226;10546;Telekom;300.0;Kathrein
ANT001227;10234;Vodafone;60.0;Huawei
ANT001228;10234;Vodafone;180.0;Huawei
ANT001229;10234;Vodafone;300.0;Huawei
ANT001230;10234;1&1;60.0;Huawei
ANT001231;10234;1&1;180.0;Huawei
ANT001232;10234;1&1;300.0;Huawei
ANT001233;10029;Telekom;60.0;Rosenberger
ANT001234;10029;Telekom;180.0;Rosenberger
ANT001235;10029;Telekom;300.0;Rosenberger
ANT001236;10308;Vodafone;60.0;Rosenberger
ANT001237;10308;Vodafone;180.0;Rosenberger
ANT001238;10308;Vodafone;300.0;Rosenberger
ANT001239;10308;Telekom;10.0;Huawei
ANT001240;10308;Telekom;120.0;Huawei
ANT001241;10308;Telekom;240.0;Huawei
ANT001242;10308;Telefonica;60.0;Kathrein
ANT001243;10308;Telefonica;180.0;Kathrein
ANT001244;10308;Telefonica;300.0;Kathrein
ANT001245;10969;Vodafone;0.0;Amphenol
ANT001246;10969;Vodafone;120.0;Amphenol
ANT001247;10969;Vodafone;240.0;Amphenol
ANT001248;10969;Telekom;60.0;Huawei
ANT001249;10969;Telekom;180.0;Huawei
ANT001250;10969;Telekom;300.0;Huawei
ANT001251;10969;Telefonica;0.0;Kathrein
ANT001252;10969;Telefonica;120.0;Kathrein
ANT001253;10969;Telefonica;240.0;Kathrein
ANT001254;10969;Vodafone;50.0;Rosenberger
ANT001255;10969;Telefonica;310.0;Huawei
ANT001256;10426;Telekom;60.0;Huawei
ANT001257;10426;Telekom;180.0;Huawei
ANT001258;10426;Telekom;300.0;Huawei
ANT001259;10827;Vodafone;60.0;Huawei
ANT001260;10827;Vodafone;180.0;Huawei
ANT001261;10827;Vodafone;300.0;Huawei
ANT001262;10827;Telefonica;60.0;Kathrein
ANT001263;10827;Telefonica;180.0;Kathrein
ANT001264;10827;Telefonica;300.0;Kathrein
ANT001265;10326;Telekom;60.0;Huawei
ANT001266;10326;Telekom;180.0;Huawei
ANT001267;10326;Telekom;300.0;Huawei
ANT001268;10525;Vodafone;60.0;Commscope
ANT001269;10525;Vodafone;180.0;Commscope
ANT001270;10525;Vodafone;300.0;Commscope
ANT001271;10773;Telekom;60.0;Kathrein
ANT001272;10773;Telekom;180.0;Kathrein
ANT001273;10773;Telekom;300.0;Kathrein
ANT001274;10773;Telefonica;60.0;Rosenberger
ANT001275;10773;Telefonica;180.0;Rosenberger
ANT001276;10773;Telefonica;300.0;Rosenberger
ANT001277;10508;Vodafone;60.0;Huawei
ANT001278;10508;Vodafone;180.0;Huawei
ANT001279;10508;Vodafone;300.0;Huawei
ANT001280;10508;Telefonica;80.0;Huawei
ANT001281;10508;Telefonica;200.0;Huawei
ANT001282;10508;Telefonica;320.0;Huawei
ANT001283;10001;Telefonica;0.0;Huawei
ANT001284;10001;Telefonica;120.0;Huawei
ANT001285;10001;Telefonica;240.0;Huawei
ANT001286;10138;Telefonica;70.0;Commscope
ANT001287;10138;Telefonica;190.0;Commscope
ANT001288;10138;Telefonica;310.0;Commscope
ANT001289;10758;Telefonica;70.0;Huawei
ANT001290;10758;Telefonica;190.0;Huawei
ANT001291;10758;Telefonica;310.0;Huawei
ANT001292;10083;Telefonica;20.0;Rosenberger
ANT001293;10083;Telefonica;140.0;Rosenberger
ANT001294;10083;Telefonica;260.0;Rosenberger
ANT001295;10629;Telekom;60.0;Commscope
ANT001296;10629;Telekom;180.0;Commscope
ANT001297;10629;Telekom;300.0;Commscope
ANT001298;10434;Telefonica;0.0;Kathrein
ANT001299;10434;Telefonica;120.0;Kathrein
ANT001300;10434;Telefonica;240.0;Kathrein
ANT001301;10869;Telekom;40.0;Huawei
ANT001302;10869;Telekom;160.0;Huawei
ANT001303;10869;Telekom;280.0;Huawei
ANT001304;10869;Telefonica;60.0;Huawei
ANT001305;10869;Telefonica;180.0;Huawei
ANT001306;10869;Telefonica;300.0;Huawei
ANT001307;10118;Telefonica;60.0;Rosenberger
ANT001308;10118;Telefonica;180.0;Rosenberger
ANT001309;10118;Telefonica;300.0;Rosenberger
ANT001310;10110;Telekom;60.0;Huawei
ANT001311;10110;Telekom;180.0;Huawei
ANT001312;10110;Telekom;300.0;Huawei
ANT001313;10533;Telefonica;90.0;Huawei
ANT001314;10533;Telefonica;220.0;Huawei
ANT001315;10533;Telefonica;320.0;Huawei
ANT001316;10012;Telefonica;60.0;Huawei
ANT001317;10012;Telefonica;180.0;Huawei
ANT001318;10012;Telefonica;300.0;Huawei
ANT001319;10986;Telekom;60.0;Huawei
ANT001320;10986;Telekom;180.0;Huawei
ANT001321;10986;Telekom;300.0;Huawei
ANT001322;10667;Vodafone;60.0;Commscope
ANT001323;10667;Vodafone;180.0;Commscope
ANT001324;10667;Vodafone;300.0;Commscope
ANT001325;10466;Vodafone;60.0;Commscope
ANT001326;10466;Vodafone;180.0;Commscope
ANT001327;10466;Vodafone;300.0;Commscope
ANT001328;10466;Telekom;60.0;Kathrein
ANT001329;10466;Telekom;180.0;Kathrein
ANT001330;10466;Telekom;300.0;Kathrein
ANT001331;10100;Vodafone;60.0;Huawei
ANT001332;10100;Vodafone;180.0;Huawei
ANT001333;10100;Vodafone;300.0;Huawei
ANT001334;10100;Telekom;60.0;Commscope
ANT001335;10100;Telekom;180.0;Commscope
ANT001336;10100;Telekom;300.0;Commscope
ANT001337;10683;Vodafone;60.0;Huawei
ANT001338;10683;Vodafone;180.0;Huawei
ANT001339;10683;Vodafone;300.0;Huawei
ANT001340;10862;Vodafone;60.0;Huawei
ANT001341;10862;Vodafone;180.0;Huawei
ANT001342;10862;Vodafone;300.0;Huawei
ANT001343;10792;Vodafone;60.0;Huawei
ANT001344;10792;Vodafone;180.0;Huawei
ANT001345;10792;Vodafone;300.0;Huawei
ANT001346;10500;Vodafone;0.0;Amphenol
ANT001347;10500;Vodafone;180.0;Amphenol
ANT001348;10500;Vodafone;300.0;Amphenol
ANT001349;10500;1&1;0.0;Kathrein
ANT001350;10500;1&1;180.0;Kathrein
ANT001351;10500;1&1;300.0;Kathrein
ANT001352;10500;1&1;60.0;Kathrein
ANT001353;10500;1&1;250.0;Kathrein
ANT001354;10500;Vodafone;100.0;Huawei
ANT001355;10043;Vodafone;60.0;Kathrein
ANT001356;10043;Vodafone;180.0;Kathrein
ANT001357;10043;Vodafone;300.0;Kathrein
ANT001358;10043;1&1;60.0;Commscope
ANT001359;10043;1&1;180.0;Commscope
ANT001360;10043;1&1;300.0;Commscope
ANT001361;10400;Vodafone;60.0;Kathrein
ANT001362;10400;Vodafone;180.0;Kathrein
ANT001363;10400;Vodafone;300.0;Kathrein
ANT001364;10324;Vodafone;60.0;Commscope
ANT001365;10324;Vodafone;180.0;Commscope
ANT001366;10324;Vodafone;300.0;Commscope
ANT001367;10597;Telefonica;60.0;Huawei
ANT001368;10597;Telefonica;180.0;Huawei
ANT001369;10597;Telefonica;300.0;Huawei
ANT001370;10049;Telefonica;120.0;Commscope
ANT001371;10049;Telefonica;180.0;Commscope
ANT001372;10049;Telefonica;240.0;Commscope
ANT001373;10944;Telefonica;40.0;Kathrein
ANT001374;10944;Telefonica;160.0;Kathrein
ANT001375;10944;Telefonica;280.0;Kathrein
ANT001376;10707;Telekom;60.0;Amphenol
ANT001377;10707;Telekom;180.0;Amphenol
ANT001378;10707;Telekom;300.0;Amphenol
ANT001379;10417;Vodafone;60.0;Kathrein
ANT001380;10417;Vodafone;180.0;Kathrein
ANT001381;10417;Vodafone;300.0;Kathrein
ANT001382;10519;Telekom;60.0;Kathrein
ANT001383;10519;Telekom;180.0;Kathrein
ANT001384;10519;Telekom;300.0;Kathrein
ANT001385;10437;Telefonica;60.0;Huawei
ANT001386;10437;Telefonica;180.0;Huawei
ANT001387;10437;Telefonica;300.0;Huawei
ANT001388;10035;Telekom;60.0;Commscope
ANT001389;10035;Telekom;180.0;Commscope
ANT001390;10035;Telekom;300.0;Commscope
ANT001391;10808;1&1;40.0;Commscope
ANT001392;10808;1&1;160.0;Commscope
ANT001393;10808;1&1;280.0;Commscope
ANT001394;10808;Telefonica;100.0;Huawei
ANT001395;10808;Telefonica;210.0;Huawei
ANT001396;10808;Telefonica;310.0;Huawei
ANT001397;10805;Vodafone;60.0;Huawei
ANT001398;10805;Vodafone;180.0;Huawei
ANT001399;10805;Vodafone;300.0;Huawei
ANT001400;10805;1&1;60.0;Kathrein
ANT001401;10805;1&1;180.0;Kathrein
ANT001402;10805;1&1;300.0;Kathrein
ANT001403;10213;Telefonica;0.0;Commscope
ANT001404;10213;Telefonica;120.0;Commscope
ANT001405;10213;Telefonica;240.0;Commscope
ANT001406;10532;Telekom;60.0;Huawei
ANT001407;10532;Telekom;180.0;Huawei
ANT001408;10532;Telekom;300.0;Huawei
ANT001409;10090;Telefonica;200.0;Huawei
ANT001410;10090;Telefonica;330.0;Huawei
ANT001411;10916;Vodafone;0.0;Kathrein
ANT001412;10916;Vodafone;180.0;Kathrein
ANT001413;10916;Vodafone;270.0;Kathrein
ANT001414;10916;Telekom;80.0;Commscope
ANT001415;10916;Telekom;200.0;Commscope
ANT001416;10916;Telekom;320.0;Commscope
ANT001417;10916;Telefonica;0.0;Huawei
ANT001418;10916;Telefonica;180.0;Huawei
ANT001419;10916;Telefonica;270.0;Huawei
ANT001420;10916;Telekom;60.0;Amphenol
ANT001421;10916;Telekom;280.0;Amphenol
ANT001422;10865;Telekom;60.0;Amphenol
ANT001423;10865;Telekom;180.0;Amphenol
ANT001424;10865;Telekom;300.0;Amphenol
ANT001425;10191;Vodafone;60.0;Huawei
ANT001426;10191;Vodafone;180.0;Huawei
ANT001427;10191;Vodafone;300.0;Huawei
ANT001428;10191;Telekom;60.0;Huawei
ANT001429;10191;Telekom;180.0;Huawei
ANT001430;10191;Telekom;300.0;Huawei
ANT001431;10475;Telefonica;60.0;Huawei
ANT001432;10475;Telefonica;180.0;Huawei
ANT001433;10475;Telefonica;300.0;Huawei
ANT001434;10855;Vodafone;60.0;Huawei
ANT001435;10855;Vodafone;180.0;Huawei
ANT001436;10855;Vodafone;300.0;Huawei
ANT001437;10299;Telekom;60.0;Huawei
ANT001438;10299;Telekom;180.0;Huawei
ANT001439;10299;Telekom;300.0;Huawei
ANT001440;10954;Vodafone;60.0;Huawei
ANT001441;10954;Vodafone;180.0;Huawei
ANT001442;10954;Vodafone;300.0;Huawei
ANT001443;10115;Vodafone;50.0;Commscope
ANT001444;10115;Vodafone;170.0;Commscope
ANT001445;10115;Vodafone;290.0;Commscope
ANT001446;10803;Vodafone;60.0;Huawei
ANT001447;10803;Vodafone;180.0;Huawei
ANT001448;10803;Vodafone;300.0;Huawei
ANT001449;10803;Telekom;60.0;Amphenol
ANT001450;10803;Telekom;180.0;Amphenol
ANT001451;10803;Telekom;300.0;Amphenol
ANT001452;10081;Telefonica;60.0;Kathrein
ANT001453;10081;Telefonica;180.0;Kathrein
ANT001454;10081;Telefonica;300.0;Kathrein
ANT001455;10980;Vodafone;60.0;Kathrein
ANT001456;10980;Vodafone;180.0;Kathrein
ANT001457;10980;Vodafone;300.0;Kathrein
ANT001458;10980;Telefonica;60.0;Commscope
ANT001459;10980;Telefonica;180.0;Commscope
ANT001460;10980;Telefonica;300.0;Commscope
ANT001461;10672;Vodafone;60.0;Huawei
ANT001462;10672;Vodafone;180.0;Huawei
ANT001463;10672;Vodafone;300.0;Huawei
ANT001464;10497;Vodafone;60.0;Huawei
ANT001465;10497;Vodafone;180.0;Huawei
ANT001466;10497;Vodafone;300.0;Huawei
ANT001467;10695;Telekom;133.0;Commscope
ANT001468;10695;Telekom;326.0;Commscope
ANT001469;10391;Vodafone;60.0;Huawei
ANT001470;10391;Vodafone;180.0;Huawei
ANT001471;10391;Vodafone;300.0;Huawei
ANT001472;10391;1&1;60.0;Amphenol
ANT001473;10391;1&1;180.0;Amphenol
ANT001474;10391;1&1;300.0;Amphenol
ANT001475;10196;Vodafone;60.0;Commscope
ANT001476;10196;Vodafone;180.0;Commscope
ANT001477;10196;Vodafone;300.0;Commscope
ANT001478;10846;Telekom;60.0;Huawei
ANT001479;10846;Telekom;180.0;Huawei
ANT001480;10846;Telekom;280.0;Huawei
ANT001481;10373;1&1;60.0;Commscope
ANT001482;10373;1&1;180.0;Commscope
ANT001483;10373;1&1;300.0;Commscope
ANT001484;10373;Telekom;60.0;Huawei
ANT001485;10373;Telekom;180.0;Huawei
ANT001486;10373;Telekom;300.0;Huawei
ANT001487;10373;Telefonica;60.0;Huawei
ANT001488;10373;Telefonica;180.0;Huawei
ANT001489;10373;Telefonica;300.0;Huawei
ANT001490;10504;Telekom;40.0;Kathrein
ANT001491;10504;Telekom;160.0;Kathrein
ANT001492;10504;Telekom;280.0;Kathrein
ANT001493;10479;Telefonica;60.0;Kathrein
ANT001494;10479;Telefonica;180.0;Kathrein
ANT001495;10479;Telefonica;300.0;Kathrein
ANT001496;10173;Telekom;60.0;Kathrein
ANT001497;10173;Telekom;180.0;Kathrein
ANT001498;10173;Telekom;300.0;Kathrein
ANT001499;10699;Telekom;60.0;Rosenberger
ANT001500;10699;Telekom;180.0;Rosenberger
ANT001501;10699;Telekom;300.0;Rosenberger
ANT001502;10438;Telefonica;270.0;Commscope
ANT001503;10679;Telekom;60.0;Huawei
ANT001504;10679;Telekom;180.0;Huawei
ANT001505;10679;Telekom;300.0;Huawei
ANT001506;10164;Telekom;60.0;Kathrein
ANT001507;10164;Telekom;180.0;Kathrein
ANT001508;10164;Telekom;300.0;Kathrein
ANT001509;10164;Telekom;50.0;Huawei
ANT001510;10824;Telekom;60.0;Commscope
ANT001511;10824;Telekom;180.0;Commscope
ANT001512;10824;Telekom;300.0;Commscope
ANT001513;10225;Telekom;60.0;Huawei
ANT001514;10225;Telekom;180.0;Huawei
ANT001515;10225;Telekom;300.0;Huawei
ANT001516;10225;Telefonica;90.0;Huawei
ANT001517;10225;Telefonica;210.0;Huawei
ANT001518;10225;Telefonica;320.0;Huawei
ANT001519;10776;Vodafone;60.0;Commscope
ANT001520;10776;Vodafone;180.0;Commscope
ANT001521;10776;Vodafone;300.0;Commscope
ANT001522;10776;Telekom;60.0;Commscope
ANT001523;10776;Telekom;180.0;Commscope
ANT001524;10776;Telekom;300.0;Commscope
ANT001525;10507;Telefonica;80.0;Huawei
ANT001526;10507;Telefonica;210.0;Huawei
ANT001527;10507;Telefonica;330.0;Huawei
ANT001528;10572;Telekom;60.0;Huawei
ANT001529;10572;Telekom;180.0;Huawei
ANT001530;10572;Telekom;300.0;Huawei
ANT001531;10572;Telefonica;60.0;Huawei
ANT001532;10572;Telefonica;180.0;Huawei
ANT001533;10572;Telefonica;300.0;Huawei
ANT001534;10089;Telekom;60.0;Huawei
ANT001535;10089;Telekom;180.0;Huawei
ANT001536;10089;Telekom;300.0;Huawei
ANT001537;10985;Vodafone;60.0;Huawei
ANT001538;10985;Vodafone;180.0;Huawei
ANT001539;10985;Vodafone;300.0;Huawei
ANT001540;10985;Telekom;60.0;Commscope
ANT001541;10985;Telekom;180.0;Commscope
ANT001542;10985;Telekom;300.0;Commscope
ANT001543;10985;Telefonica;60.0;Huawei
ANT001544;10985;Telefonica;180.0;Huawei
ANT001545;10985;Telefonica;300.0;Huawei
ANT001546;10188;Vodafone;0.0;Huawei
ANT001547;10188;Vodafone;120.0;Huawei
ANT001548;10188;Vodafone;240.0;Huawei
ANT001549;10188;Telekom;60.0;Rosenberger
ANT001550;10188;Telekom;180.0;Rosenberger
ANT001551;10188;Telekom;300.0;Rosenberger
ANT001552;10188;Telefonica;0.0;Huawei
ANT001553;10188;Telefonica;120.0;Huawei
ANT001554;10188;Telefonica;240.0;Huawei
ANT001555;10608;Telefonica;0.0;Commscope
ANT001556;10608;Telefonica;120.0;Commscope
ANT001557;10608;Telefonica;240.0;Commscope
ANT001558;10889;Telefonica;40.0;Amphenol
ANT001559;10889;Telefonica;160.0;Amphenol
ANT001560;10889;Telefonica;280.0;Amphenol
ANT001561;10032;Telefonica;30.0;Huawei
ANT001562;10032;Telefonica;150.0;Huawei
ANT001563;10032;Telefonica;270.0;Huawei
ANT001564;10460;Telefonica;40.0;Rosenberger
ANT001565;10460;Telefonica;160.0;Rosenberger
ANT001566;10460;Telefonica;280.0;Rosenberger
ANT001567;10605;Telekom;60.0;Amphenol
ANT001568;10605;Telekom;180.0;Amphenol
ANT001569;10605;Telekom;300.0;Amphenol
ANT001570;10991;Telekom;0.0;Huawei
ANT001571;10991;Telekom;120.0;Huawei
ANT001572;10991;Telekom;240.0;Huawei
ANT001573;10991;Telefonica;60.0;Huawei
ANT001574;10991;Telefonica;180.0;Huawei
ANT001575;10991;Telefonica;300.0;Huawei
ANT001576;10993;Telekom;60.0;Amphenol
ANT001577;10993;Telekom;180.0;Amphenol
ANT001578;10993;Telekom;300.0;Amphenol
ANT001579;10962;Telefonica;60.0;Rosenberger
ANT001580;10962;Telefonica;180.0;Rosenberger
ANT001581;10962;Telefonica;300.0;Rosenberger
ANT001582;10950;Vodafone;60.0;Huawei
ANT001583;10950;Vodafone;180.0;Huawei
ANT001584;10950;Vodafone;300.0;Huawei
ANT001585;10894;Telekom;60.0;Kathrein
ANT001586;10894;Telekom;180.0;Kathrein
ANT001587;10894;Telekom;300.0;Kathrein
ANT001588;10607;Vodafone;60.0;Huawei
ANT001589;10607;Vodafone;180.0;Huawei
ANT001590;10607;Vodafone;300.0;Huawei
ANT001591;10399;Telekom;60.0;Huawei
ANT001592;10399;Telekom;180.0;Huawei
ANT001593;10399;Telekom;300.0;Huawei
ANT001594;10399;Telefonica;60.0;Rosenberger
ANT001595;10399;Telefonica;180.0;Rosenberger
ANT001596;10399;Telefonica;300.0;Rosenberger
ANT001597;10577;Telekom;60.0;Commscope
ANT001598;10577;Telekom;180.0;Commscope
ANT001599;10577;Telekom;300.0;Commscope
ANT001600;10045;Vodafone;60.0;Huawei
ANT001601;10045;Vodafone;180.0;Huawei
ANT001602;10045;Vodafone;300.0;Huawei
ANT001603;10045;Telefonica;60.0;Huawei
ANT001604;10045;Telefonica;180.0;Huawei
ANT001605;10045;Telefonica;300.0;Huawei
ANT001606;10221;Vodafone;60.0;Kathrein
ANT001607;10221;Vodafone;180.0;Kathrein
ANT001608;10221;Vodafone;300.0;Kathrein
ANT001609;10705;Telefonica;60.0;Huawei
ANT001610;10705;Telefonica;180.0;Huawei
ANT001611;10705;Telefonica;300.0;Huawei
ANT001612;10431;Vodafone;60.0;Huawei
ANT001613;10431;Vodafone;180.0;Huawei
ANT001614;10431;Vodafone;300.0;Huawei
ANT001615;10431;1&1;60.0;Kathrein
ANT001616;10431;1&1;180.0;Kathrein
ANT001617;10431;1&1;300.0;Kathrein
ANT001618;10700;Telefonica;60.0;Huawei
ANT001619;10700;Telefonica;180.0;Huawei
ANT001620;10700;Telefonica;300.0;Huawei
ANT001621;10697;1&1;0.0;Kathrein
ANT001622;10697;1&1;120.0;Kathrein
ANT001623;10697;1&1;240.0;Kathrein
ANT001624;10697;Telefonica;50.0;Huawei
ANT001625;10697;Telefonica;175.0;Huawei
ANT001626;10697;Telefonica;290.0;Huawei
ANT001627;10756;Vodafone;60.0;Commscope
ANT001628;10756;Vodafone;180.0;Commscope
ANT001629;10756;Vodafone;300.0;Commscope
ANT001630;10756;Telefonica;60.0;Huawei
ANT001631;10756;Telefonica;180.0;Huawei
ANT001632;10756;Telefonica;300.0;Huawei
ANT001633;10193;Telefonica;30.0;Huawei
ANT001634;10193;Telefonica;150.0;Huawei
ANT001635;10193;Telefonica;270.0;Huawei
ANT001636;10459;Vodafone;60.0;Rosenberger
ANT001637;10459;Vodafone;180.0;Rosenberger
ANT001638;10459;Vodafone;300.0;Rosenberger
ANT001639;10459;Telefonica;20.0;Commscope
ANT001640;10459;Telefonica;120.0;Commscope
ANT001641;10459;Telefonica;240.0;Commscope
ANT001642;10459;Vodafone;40.0;Huawei
ANT001643;10459;Vodafone;190.0;Huawei
ANT001644;10682;Telekom;60.0;Commscope
ANT001645;10682;Telekom;180.0;Commscope
ANT001646;10682;Telekom;300.0;Commscope
ANT001647;10151;Telefonica;60.0;Huawei
ANT001648;10151;Telefonica;180.0;Huawei
ANT001649;10151;Telefonica;300.0;Huawei
ANT001650;10746;Telekom;60.0;Huawei
ANT001651;10746;Telekom;180.0;Huawei
ANT001652;10746;Telekom;300.0;Huawei
ANT001653;10999;Telefonica;60.0;Huawei
ANT001654;10999;Telefonica;180.0;Huawei
ANT001655;10999;Telefonica;300.0;Huawei
ANT001656;10498;Telekom;60.0;Kathrein
ANT001657;10498;Telekom;180.0;Kathrein
ANT001658;10498;Telekom;300.0;Kathrein
ANT001659;10303;Vodafone;30.0;Rosenberger
ANT001660;10303;Vodafone;150.0;Rosenberger
ANT001661;10303;Vodafone;270.0;Rosenberger
ANT001662;10303;Telekom;60.0;Amphenol
ANT001663;10303;Telekom;180.0;Amphenol
ANT001664;10303;Telekom;300.0;Amphenol
ANT001665;10303;Telefonica;30.0;Kathrein
ANT001666;10303;Telefonica;150.0;Kathrein
ANT001667;10303;Telefonica;270.0;Kathrein
ANT001668;10783;Telefonica;60.0;Commscope
ANT001669;10783;Telefonica;180.0;Commscope
ANT001670;10783;Telefonica;300.0;Commscope
ANT001671;10458;Telekom;60.0;Commscope
ANT001672;10458;Telekom;180.0;Commscope
ANT001673;10458;Telekom;300.0;Commscope
ANT001674;10136;Vodafone;60.0;Commscope
ANT001675;10136;Vodafone;180.0;Commscope
ANT001676;10136;Vodafone;300.0;Commscope
ANT001677;10136;Telekom;60.0;Rosenberger
ANT001678;10136;Telekom;180.0;Rosenberger
ANT001679;10136;Telekom;300.0;Rosenberger
ANT001680;10365;Vodafone;50.0;Commscope
ANT001681;10365;Vodafone;170.0;Commscope
ANT001682;10365;Vodafone;290.0;Commscope
ANT001683;10365;Telefonica;60.0;Huawei
ANT001684;10365;Telefonica;180.0;Huawei
ANT001685;10365;Telefonica;300.0;Huawei
ANT001686;10698;Telekom;60.0;Commscope
ANT001687;10698;Telekom;180.0;Commscope
ANT001688;10698;Telekom;300.0;Commscope
ANT001689;10328;Telekom;60.0;Huawei
ANT001690;10328;Telekom;180.0;Huawei
ANT001691;10328;Telekom;300.0;Huawei
ANT001692;10279;Telekom;60.0;Huawei
ANT001693;10279;Telekom;180.0;Huawei
ANT001694;10279;Telekom;300.0;Huawei
ANT001695;10439;Telekom;60.0;Commscope
ANT001696;10439;Telekom;180.0;Commscope
ANT001697;10439;Telekom;300.0;Commscope
ANT001698;10359;Vodafone;0.0;Kathrein
ANT001699;10359;Vodafone;120.0;Kathrein
ANT001700;10359;Vodafone;240.0;Kathrein
ANT001701;10359;Telekom;60.0;Kathrein
ANT001702;10359;Telekom;180.0;Kathrein
ANT001703;10359;Telekom;300.0;Kathrein
ANT001704;10359;Telefonica;100.0;Commscope
ANT001705;10359;Telefonica;200.0;Commscope
ANT001706;10359;Telefonica;340.0;Commscope
ANT001707;10554;Telekom;60.0;Commscope
ANT001708;10554;Telekom;180.0;Commscope
ANT001709;10554;Telekom;300.0;Commscope
ANT001710;10554;Telefonica;60.0;Commscope
ANT001711;10554;Telefonica;180.0;Commscope
ANT001712;10554;Telefonica;300.0;Commscope
ANT001713;10067;Vodafone;60.0;Commscope
ANT001714;10067;Vodafone;180.0;Commscope
ANT001715;10067;Vodafone;300.0;Commscope
ANT001716;10067;1&1;40.0;Huawei
ANT001717;10067;1&1;185.0;Huawei
ANT001718;10067;1&1;310.0;Huawei
ANT001719;10701;Vodafone;60.0;Commscope
ANT001720;10701;Vodafone;180.0;Commscope
ANT001721;10701;Vodafone;300.0;Commscope
ANT001722;10124;Vodafone;60.0;Kathrein
ANT001723;10124;Vodafone;180.0;Kathrein
ANT001724;10124;Vodafone;300.0;Kathrein
ANT001725;10124;1&1;60.0;Kathrein
ANT001726;10124;1&1;180.0;Kathrein
ANT001727;10124;1&1;300.0;Kathrein
ANT001728;10271;Telefonica;70.0;Commscope
ANT001729;10271;Telefonica;160.0;Commscope
ANT001730;10271;Telefonica;250.0;Commscope
ANT001731;10271;Telefonica;340.0;Commscope
ANT001732;10271;Telefonica;80.0;Huawei
ANT001733;10271;Telefonica;170.0;Huawei
ANT001734;10271;Telefonica;260.0;Huawei
ANT001735;10271;Telefonica;350.0;Huawei
ANT001736;10713;Vodafone;60.0;Kathrein
ANT001737;10713;Vodafone;180.0;Kathrein
ANT001738;10713;Vodafone;300.0;Kathrein
ANT001739;10713;Telefonica;60.0;Huawei
ANT001740;10713;Telefonica;180.0;Huawei
ANT001741;10713;Telefonica;300.0;Huawei
ANT001742;10278;Telekom;60.0;Huawei
ANT001743;10278;Telekom;180.0;Huawei
ANT001744;10278;Telekom;300.0;Huawei
ANT001745;10027;Telekom;60.0;Huawei
ANT001746;10027;Telekom;180.0;Huawei
ANT001747;10027;Telekom;300.0;Huawei
ANT001748;10269;Telefonica;40.0;Huawei
ANT001749;10269;Telefonica;160.0;Huawei
ANT001750;10269;Telefonica;280.0;Huawei
ANT001751;10371;Telefonica;90.0;Huawei
ANT001752;10371;Telefonica;210.0;Huawei
ANT001753;10371;Telefonica;330.0;Huawei
ANT001754;10799;Vodafone;30.0;Huawei
ANT001755;10799;Vodafone;150.0;Huawei
ANT001756;10799;Vodafone;270.0;Huawei
ANT001757;10799;Telefonica;60.0;Rosenberger
ANT001758;10799;Telefonica;180.0;Rosenberger
ANT001759;10799;Telefonica;300.0;Rosenberger
ANT001760;10319;Vodafone;60.0;Rosenberger
ANT001761;10319;Vodafone;150.0;Rosenberger
ANT001762;10319;Vodafone;275.0;Rosenberger
ANT001763;10319;1&1;45.0;Rosenberger
ANT001764;10319;1&1;180.0;Rosenberger
ANT001765;10319;1&1;300.0;Rosenberger
ANT001766;10131;Telekom;60.0;Huawei
ANT001767;10131;Telekom;180.0;Huawei
ANT001768;10131;Telekom;300.0;Huawei
ANT001769;10853;Telekom;60.0;Kathrein
ANT001770;10853;Telekom;180.0;Kathrein
ANT001771;10853;Telekom;300.0;Kathrein
ANT001772;10448;Telefonica;60.0;Commscope
ANT001773;10448;Telefonica;180.0;Commscope
ANT001774;10448;Telefonica;300.0;Commscope
ANT001775;10129;Telekom;60.0;Commscope
ANT001776;10129;Telekom;180.0;Commscope
ANT001777;10129;Telekom;300.0;Commscope
ANT001778;10488;Telekom;60.0;Rosenberger
ANT001779;10488;Telekom;180.0;Rosenberger
ANT001780;10488;Telekom;300.0;Rosenberger
ANT001781;10793;Vodafone;60.0;Rosenberger
ANT001782;10793;Vodafone;180.0;Rosenberger
ANT001783;10793;Vodafone;300.0;Rosenberger
ANT001784;10770;Telekom;60.0;Commscope
ANT001785;10770;Telekom;180.0;Commscope
ANT001786;10770;Telekom;300.0;Commscope
ANT001787;10199;Telefonica;60.0;Commscope
ANT001788;10199;Telefonica;180.0;Commscope
ANT001789;10199;Telefonica;300.0;Commscope
ANT001790;10768;Telekom;60.0;Rosenberger
ANT001791;10768;Telekom;180.0;Rosenberger
ANT001792;10768;Telekom;300.0;Rosenberger
ANT001793;10202;Telekom;60.0;Kathrein
ANT001794;10202;Telekom;180.0;Kathrein
ANT001795;10202;Telekom;300.0;Kathrein
ANT001796;10692;Telekom;60.0;Rosenberger
ANT001797;10692;Telekom;180.0;Rosenberger
ANT001798;10692;Telekom;300.0;Rosenberger
ANT001799;10712;Telekom;60.0;Huawei
ANT001800;10712;Telekom;180.0;Huawei
ANT001801;10712;Telekom;300.0;Huawei
ANT001802;10574;Telekom;60.0;Huawei
ANT001803;10574;Telekom;180.0;Huawei
ANT001804;10574;Telekom;300.0;Huawei
ANT001805;10047;Telekom;60.0;Commscope
ANT001806;10047;Telekom;180.0;Commscope
ANT001807;10047;Telekom;300.0;Commscope
ANT001808;10047;Telefonica;60.0;Kathrein
ANT001809;10047;Telefonica;180.0;Kathrein
ANT001810;10047;Telefonica;300.0;Kathrein
ANT001811;10366;Vodafone;60.0;Huawei
ANT001812;10366;Vodafone;180.0;Huawei
ANT001813;10366;Vodafone;300.0;Huawei
ANT001814;10366;Telefonica;90.0;Commscope
ANT001815;10366;Telefonica;210.0;Commscope
ANT001816;10366;Telefonica;330.0;Commscope
ANT001817;10837;Telekom;60.0;Huawei
ANT001818;10837;Telekom;180.0;Huawei
ANT001819;10837;Telekom;300.0;Huawei
ANT001820;10706;Telefonica;60.0;Rosenberger
ANT001821;10706;Telefonica;180.0;Rosenberger
ANT001822;10706;Telefonica;300.0;Rosenberger
ANT001823;10492;Telekom;60.0;Huawei
ANT001824;10492;Telekom;180.0;Huawei
ANT001825;10492;Telekom;300.0;Huawei
ANT001826;10492;Telefonica;60.0;Huawei
ANT001827;10492;Telefonica;180.0;Huawei
ANT001828;10492;Telefonica;300.0;Huawei
ANT001829;10578;Vodafone;60.0;Huawei
ANT001830;10578;Vodafone;180.0;Huawei
ANT001831;10578;Vodafone;300.0;Huawei
ANT001832;10578;1&1;60.0;Huawei
ANT001833;10578;1&1;180.0;Huawei
ANT001834;10578;1&1;300.0;Huawei
ANT001835;10317;Telekom;60.0;Huawei
ANT001836;10317;Telekom;180.0;Huawei
ANT001837;10317;Telekom;300.0;Huawei
ANT001838;10734;Telekom;60.0;Huawei
ANT001839;10734;Telekom;180.0;Huawei
ANT001840;10734;Telekom;300.0;Huawei
ANT001841;10189;Vodafone;60.0;Commscope
ANT001842;10189;Vodafone;180.0;Commscope
ANT001843;10189;Vodafone;300.0;Commscope
ANT001844;10189;1&1;60.0;Huawei
ANT001845;10189;1&1;180.0;Huawei
ANT001846;10189;1&1;300.0;Huawei
ANT001847;10189;Telekom;60.0;Rosenberger
ANT001848;10189;Telekom;180.0;Rosenberger
ANT001849;10189;Telekom;300.0;Rosenberger
ANT001850;10895;Telekom;60.0;Rosenberger
ANT001851;10895;Telekom;180.0;Rosenberger
ANT001852;10895;Telekom;300.0;Rosenberger
ANT001853;10932;Telefonica;30.0;Kathrein
ANT001854;10932;Telefonica;260.0;Huawei
ANT001855;10010;Telefonica;100.0;Huawei
ANT001856;10010;Telefonica;220.0;Huawei
ANT001857;10010;Telefonica;340.0;Huawei
ANT001858;10882;Vodafone;;Kathrein
ANT001859;10882;Vodafone;;Kathrein
ANT001860;10882;Vodafone;;Kathrein
ANT001861;10882;Vodafone;;Kathrein
ANT001862;10882;Vodafone;;Kathrein
ANT001863;10882;Vodafone;;Kathrein
ANT001864;10882;Vodafone;;Kathrein
ANT001865;10882;Vodafone;;Kathrein
ANT001866;10882;Vodafone;;Kathrein
ANT001867;10882;Vodafone;;Kathrein
ANT001868;10882;Vodafone;;Kathrein
ANT001869;10882;Vodafone;;Kathrein
ANT001870;10882;Vodafone;;Kathrein
ANT001871;10882;Vodafone;;Kathrein
ANT001872;10882;Vodafone;;Kathrein
ANT001873;10882;Vodafone;;Kathrein
ANT001874;10882;Vodafone;;Kathrein
ANT001875;10882;Vodafone;;Kathrein
ANT001876;10882;Vodafone;;Kathrein
ANT001877;10882;Vodafone;;Kathrein
ANT001878;10882;Vodafone;;Kathrein
ANT001879;10882;Vodafone;;Kathrein
ANT001880;10882;Vodafone;;Kathrein
ANT001881;10882;Vodafone;;Kathrein
ANT001882;10882;Vodafone;;Kathrein
ANT001883;10882;Vodafone;;Kathrein
ANT001884;10882;Vodafone;;Kathrein
ANT001885;10882;Vodafone;;Kathrein
ANT001886;10882;Vodafone;;Kathrein
ANT001887;10882;Vodafone;;Kathrein
ANT001888;10882;Vodafone;;Kathrein
ANT001889;10882;Vodafone;;Kathrein
ANT001890;10882;Vodafone;;Kathrein
ANT001891;10882;Vodafone;;Kathrein
ANT001892;10882;Vodafone;;Kathrein
ANT001893;10882;Vodafone;;Kathrein
ANT001894;10882;Telekom;;Huawei
ANT001895;10882;Telekom;;Huawei
ANT001896;10882;Telekom;;Huawei
ANT001897;10882;Telekom;;Huawei
ANT001898;10882;Telekom;;Huawei
ANT001899;10882;Telekom;;Huawei
ANT001900;10882;Telekom;;Huawei
ANT001901;10882;Telekom;;Huawei
ANT001902;10882;Telekom;;Huawei
ANT001903;10882;Telekom;;Huawei
ANT001904;10882;Telekom;;Huawei
ANT001905;10882;Telekom;;Huawei
ANT001906;10882;Telekom;;Huawei
ANT001907;10882;Telekom;;Huawei
ANT001908;10882;Telekom;;Huawei
ANT001909;10882;Telekom;;Huawei
ANT001910;10882;Telekom;;Huawei
ANT001911;10882;Telekom;;Huawei
ANT001912;10882;Telekom;;Huawei
ANT001913;10882;Telekom;;Huawei
ANT001914;10882;Telekom;;Huawei
ANT001915;10882;Telekom;;Huawei
ANT001916;10882;Telekom;;Huawei
ANT001917;10882;Telekom;;Huawei
ANT001918;10882;Telekom;;Huawei
ANT001919;10882;Telekom;;Huawei
ANT001920;10882;Telekom;;Huawei
ANT001921;10882;Telekom;;Huawei
ANT001922;10882;Telekom;;Huawei
ANT001923;10882;Telekom;;Huawei
ANT001924;10882;Telekom;;Huawei
ANT001925;10882;Telekom;;Huawei
ANT001926;10882;Telekom;;Huawei
ANT001927;10882;Telekom;;Huawei
ANT001928;10882;Telekom;;Huawei
ANT001929;10882;Telekom;;Huawei
ANT001930;10897;Telefonica;60.0;Commscope
ANT001931;10897;Telefonica;180.0;Commscope
ANT001932;10897;Telefonica;300.0;Commscope
ANT001933;10727;Telefonica;0.0;Huawei
ANT001934;10727;Telefonica;120.0;Huawei
ANT001935;10727;Telefonica;240.0;Huawei
ANT001936;10502;Telefonica;90.0;Amphenol
ANT001937;10502;Telefonica;200.0;Amphenol
ANT001938;10502;Telefonica;340.0;Amphenol
ANT001939;10863;Telekom;60.0;Commscope
ANT001940;10863;Telekom;180.0;Commscope
ANT001941;10863;Telekom;300.0;Commscope
ANT001942;10184;Telefonica;20.0;Amphenol
ANT001943;10184;Telefonica;260.0;Rosenberger
ANT001944;10084;Telekom;60.0;Rosenberger
ANT001945;10084;Telekom;180.0;Rosenberger
ANT001946;10084;Telekom;300.0;Rosenberger
ANT001947;10535;Telefonica;;Kathrein
ANT001948;10535;Telefonica;;Kathrein
ANT001949;10535;Telefonica;;Kathrein
ANT001950;10535;Telefonica;;Kathrein
ANT001951;10535;Telefonica;;Kathrein
ANT001952;10535;Telefonica;;Kathrein
ANT001953;10535;Telefonica;;Kathrein
ANT001954;10535;Telefonica;;Kathrein
ANT001955;10535;Telefonica;;Kathrein
ANT001956;10535;Telefonica;;Kathrein
ANT001957;10535;Telefonica;;Kathrein
ANT001958;10535;Telefonica;;Kathrein
ANT001959;10535;Telefonica;;Kathrein
ANT001960;10535;Telefonica;;Kathrein
ANT001961;10535;Telefonica;;Kathrein
ANT001962;10535;Telefonica;;Kathrein
ANT001963;10535;Telefonica;;Kathrein
ANT001964;10535;Telefonica;;Kathrein
ANT001965;10535;Telefonica;;Kathrein
ANT001966;10535;Telefonica;;Kathrein
ANT001967;10676;Telekom;60.0;Commscope
ANT001968;10676;Telekom;180.0;Commscope
ANT001969;10676;Telekom;300.0;Commscope
ANT001970;10537;Telekom;60.0;Kathrein
ANT001971;10537;Telekom;180.0;Kathrein
ANT001972;10537;Telekom;300.0;Kathrein
ANT001973;10625;Telekom;60.0;Commscope
ANT001974;10625;Telekom;180.0;Commscope
ANT001975;10625;Telekom;300.0;Commscope
ANT001976;10462;Telefonica;60.0;Huawei
ANT001977;10462;Telefonica;180.0;Huawei
ANT001978;10462;Telefonica;300.0;Huawei
ANT001979;10531;Telefonica;90.0;Huawei
ANT001980;10531;Telefonica;210.0;Huawei
ANT001981;10531;Telefonica;330.0;Huawei
ANT001982;10313;Telekom;60.0;Kathrein
ANT001983;10313;Telekom;180.0;Kathrein
ANT001984;10313;Telekom;300.0;Kathrein
ANT001985;10665;Vodafone;60.0;Commscope
ANT001986;10665;Vodafone;180.0;Commscope
ANT001987;10665;Vodafone;300.0;Commscope
ANT001988;10665;1&1;60.0;Commscope
ANT001989;10665;1&1;180.0;Commscope
ANT001990;10665;1&1;300.0;Commscope
ANT001991;10510;Telekom;60.0;Huawei
ANT001992;10510;Telekom;180.0;Huawei
ANT001993;10510;Telekom;300.0;Huawei
ANT001994;10284;Vodafone;60.0;Huawei
ANT001995;10284;Vodafone;180.0;Huawei
ANT001996;10284;Vodafone;300.0;Huawei
ANT001997;10284;1&1;60.0;Commscope
ANT001998;10284;1&1;180.0;Commscope
ANT001999;10284;1&1;300.0;Commscope
ANT002000;10284;Telekom;60.0;Kathrein
ANT002001;10284;Telekom;180.0;Kathrein
ANT002002;10284;Telekom;300.0;Kathrein
ANT002003;10264;1&1;60.0;Rosenberger
ANT002004;10264;1&1;180.0;Rosenberger
ANT002005;10264;1&1;300.0;Rosenberger
ANT002006;10264;Telefonica;60.0;Commscope
ANT002007;10264;Telefonica;180.0;Commscope
ANT002008;10264;Telefonica;300.0;Commscope
ANT002009;10579;Vodafone;60.0;Amphenol
ANT002010;10579;Vodafone;180.0;Amphenol
ANT002011;10579;Vodafone;300.0;Amphenol
ANT002012;10102;Vodafone;60.0;Huawei
ANT002013;10102;Vodafone;180.0;Huawei
ANT002014;10102;Vodafone;300.0;Huawei
ANT002015;10630;Telefonica;;Kathrein
ANT002016;10630;Telefonica;;Kathrein
ANT002017;10630;Telefonica;;Kathrein
ANT002018;10630;Telefonica;;Kathrein
ANT002019;10630;Telefonica;;Kathrein
ANT002020;10630;Telefonica;;Kathrein
ANT002021;10630;Telefonica;;Kathrein
ANT002022;10630;Telefonica;;Kathrein
ANT002023;10630;Telefonica;;Kathrein
ANT002024;10630;Telefonica;;Kathrein
ANT002025;10630;Telefonica;;Kathrein
ANT002026;10630;Telefonica;;Kathrein
ANT002027;10630;Telefonica;;Kathrein
ANT002028;10630;Telefonica;;Kathrein
ANT002029;10630;Telefonica;;Kathrein
ANT002030;10630;Telefonica;;Kathrein
ANT002031;10630;Telefonica;;Kathrein
ANT002032;10630;Telefonica;;Kathrein
ANT002033;10630;Telefonica;;Kathrein
ANT002034;10630;Telefonica;;Kathrein
ANT002035;10630;Telefonica;;Kathrein
ANT002036;10630;Telefonica;;Kathrein
ANT002037;10630;Telefonica;;Kathrein
ANT002038;10630;Telefonica;;Kathrein
ANT002039;10630;Telefonica;;Kathrein
ANT002040;10630;Telefonica;;Kathrein
ANT002041;10630;Telefonica;;Kathrein
ANT002042;10630;Telefonica;;Kathrein
ANT002043;10565;Telefonica;;Amphenol
ANT002044;10565;Telefonica;;Amphenol
ANT002045;10565;Telefonica;;Amphenol
ANT002046;10565;Telefonica;;Amphenol
ANT002047;10565;Telefonica;;Amphenol
ANT002048;10565;Telefonica;;Amphenol
ANT002049;10565;Telefonica;;Amphenol
ANT002050;10565;Telefonica;;Amphenol
ANT002051;10565;Telefonica;;Amphenol
ANT002052;10565;Telefonica;;Amphenol
ANT002053;10565;Telefonica;;Amphenol
ANT002054;10565;Telefonica;;Amphenol
ANT002055;10565;Telefonica;;Amphenol
ANT002056;10565;Telefonica;;Amphenol
ANT002057;10565;Telefonica;;Amphenol
ANT002058;10565;Telefonica;;Amphenol
ANT002059;10765;Telefonica;0.0;Huawei
ANT002060;10765;Telefonica;110.0;Huawei
ANT002061;10765;Telefonica;240.0;Huawei
ANT002062;10390;Vodafone;60.0;Rosenberger
ANT002063;10390;Vodafone;180.0;Rosenberger
ANT002064;10390;Vodafone;300.0;Rosenberger
ANT002065;10390;1&1;60.0;Huawei
ANT002066;10390;1&1;180.0;Huawei
ANT002067;10390;1&1;300.0;Huawei
ANT002068;10258;Telekom;60.0;Commscope
ANT002069;10258;Telekom;180.0;Commscope
ANT002070;10258;Telekom;300.0;Commscope
ANT002071;10258;Telefonica;60.0;Kathrein
ANT002072;10258;Telefonica;180.0;Kathrein
ANT002073;10258;Telefonica;300.0;Kathrein
ANT002074;10856;Telefonica;60.0;Commscope
ANT002075;10856;Telefonica;180.0;Commscope
ANT002076;10856;Telefonica;300.0;Commscope
ANT002077;10570;Telefonica;40.0;Commscope
ANT002078;10570;Telefonica;130.0;Commscope
ANT002079;10570;Telefonica;250.0;Commscope
ANT002080;10560;Vodafone;40.0;Rosenberger
ANT002081;10560;Vodafone;160.0;Rosenberger
ANT002082;10560;Vodafone;280.0;Rosenberger
ANT002083;10560;Telefonica;60.0;Huawei
ANT002084;10560;Telefonica;180.0;Huawei
ANT002085;10560;Telefonica;300.0;Huawei
ANT002086;10116;Vodafone;0.0;Rosenberger
ANT002087;10116;Vodafone;180.0;Rosenberger
ANT002088;10116;Vodafone;300.0;Rosenberger
ANT002089;10116;Telekom;50.0;Rosenberger
ANT002090;10116;Telekom;170.0;Rosenberger
ANT002091;10116;Telekom;290.0;Rosenberger
ANT002092;10116;Telefonica;0.0;Kathrein
ANT002093;10116;Telefonica;180.0;Kathrein
ANT002094;10116;Telefonica;300.0;Kathrein
ANT002095;10116;Telefonica;60.0;Amphenol
ANT002096;10441;Vodafone;60.0;Kathrein
ANT002097;10441;Vodafone;180.0;Kathrein
ANT002098;10441;Vodafone;300.0;Kathrein
ANT002099;10441;1&1;60.0;Commscope
ANT002100;10441;1&1;180.0;Commscope
ANT002101;10441;1&1;300.0;Commscope
ANT002102;10192;Telefonica;80.0;Rosenberger
ANT002103;10192;Telefonica;200.0;Rosenberger
ANT002104;10192;Telefonica;320.0;Rosenberger
ANT002105;10396;Vodafone;60.0;Kathrein
ANT002106;10396;Vodafone;180.0;Kathrein
ANT002107;10396;Vodafone;300.0;Kathrein
ANT002108;10396;Telefonica;60.0;Huawei
ANT002109;10396;Telefonica;180.0;Huawei
ANT002110;10396;Telefonica;300.0;Huawei
ANT002111;10781;Vodafone;60.0;Huawei
ANT002112;10781;Vodafone;180.0;Huawei
ANT002113;10781;Vodafone;300.0;Huawei
ANT002114;10781;Telefonica;60.0;Amphenol
ANT002115;10781;Telefonica;180.0;Amphenol
ANT002116;10781;Telefonica;300.0;Amphenol
ANT002117;10937;Telekom;60.0;Commscope
ANT002118;10937;Telekom;180.0;Commscope
ANT002119;10937;Telekom;300.0;Commscope
ANT002120;10489;Telefonica;10.0;Huawei
ANT002121;10489;Telefonica;120.0;Huawei
ANT002122;10489;Telefonica;240.0;Huawei
ANT002123;10092;Vodafone;60.0;Amphenol
ANT002124;10092;Vodafone;180.0;Amphenol
ANT002125;10092;Vodafone;300.0;Amphenol
ANT002126;10596;Vodafone;60.0;Kathrein
ANT002127;10596;Vodafone;180.0;Kathrein
ANT002128;10596;Vodafone;300.0;Kathrein
ANT002129;10082;Vodafone;60.0;Huawei
ANT002130;10082;Vodafone;180.0;Huawei
ANT002131;10082;Vodafone;300.0;Huawei
ANT002132;10917;Vodafone;60.0;Huawei
ANT002133;10917;Vodafone;180.0;Huawei
ANT002134;10917;Vodafone;300.0;Huawei
ANT002135;10917;1&1;60.0;Commscope
ANT002136;10917;1&1;180.0;Commscope
ANT002137;10917;1&1;300.0;Commscope
ANT002138;10611;Telefonica;60.0;Amphenol
ANT002139;10611;Telefonica;180.0;Amphenol
ANT002140;10611;Telefonica;300.0;Amphenol
ANT002141;10453;Vodafone;60.0;Huawei
ANT002142;10453;Vodafone;180.0;Huawei
ANT002143;10453;Vodafone;300.0;Huawei
ANT002144;10172;Telefonica;20.0;Huawei
ANT002145;10172;Telefonica;140.0;Huawei
ANT002146;10172;Telefonica;260.0;Huawei
ANT002147;10733;Telefonica;120.0;Amphenol
ANT002148;10733;Telefonica;210.0;Amphenol
ANT002149;10733;Telefonica;310.0;Amphenol
ANT002150;10906;Telekom;60.0;Huawei
ANT002151;10906;Telekom;180.0;Huawei
ANT002152;10906;Telekom;300.0;Huawei
ANT002153;10501;Telefonica;60.0;Huawei
ANT002154;10501;Telefonica;180.0;Huawei
ANT002155;10501;Telefonica;300.0;Huawei
ANT002156;10367;Telefonica;60.0;Huawei
ANT002157;10367;Telefonica;180.0;Huawei
ANT002158;10367;Telefonica;300.0;Huawei
ANT002159;10704;Vodafone;60.0;Rosenberger
ANT002160;10704;Vodafone;180.0;Rosenberger
ANT002161;10704;Vodafone;300.0;Rosenberger
ANT002162;10404;Telekom;60.0;Huawei
ANT002163;10404;Telekom;180.0;Huawei
ANT002164;10404;Telekom;300.0;Huawei
ANT002165;10690;Telefonica;0.0;Huawei
ANT002166;10690;Telefonica;120.0;Huawei
ANT002167;10690;Telefonica;240.0;Huawei
ANT002168;10892;Vodafone;60.0;Huawei
ANT002169;10892;Vodafone;180.0;Huawei
ANT002170;10892;Vodafone;300.0;Huawei
ANT002171;10892;1&1;60.0;Rosenberger
ANT002172;10892;1&1;180.0;Rosenberger
ANT002173;10892;1&1;300.0;Rosenberger
ANT002174;10912;Vodafone;60.0;Huawei
ANT002175;10912;Vodafone;180.0;Huawei
ANT002176;10912;Vodafone;300.0;Huawei
ANT002177;10912;Telefonica;60.0;Kathrein
ANT002178;10912;Telefonica;180.0;Kathrein
ANT002179;10912;Telefonica;300.0;Kathrein
ANT002180;10541;Vodafone;60.0;Amphenol
ANT002181;10541;Vodafone;180.0;Amphenol
ANT002182;10541;Vodafone;300.0;Amphenol
ANT002183;10541;1&1;80.0;Huawei
ANT002184;10541;1&1;200.0;Huawei
ANT002185;10541;1&1;320.0;Huawei
ANT002186;10541;Telekom;25.0;Commscope
ANT002187;10541;Telekom;115.0;Commscope
ANT002188;10541;Telekom;250.0;Commscope
ANT002189;10376;Vodafone;60.0;Amphenol
ANT002190;10376;Vodafone;180.0;Amphenol
ANT002191;10376;Vodafone;300.0;Amphenol
ANT002192;10376;Telekom;60.0;Huawei
ANT002193;10376;Telekom;180.0;Huawei
ANT002194;10376;Telekom;300.0;Huawei
ANT002195;10729;Vodafone;60.0;Huawei
ANT002196;10729;Vodafone;180.0;Huawei
ANT002197;10729;Vodafone;300.0;Huawei
ANT002198;10729;1&1;60.0;Commscope
ANT002199;10729;1&1;180.0;Commscope
ANT002200;10729;1&1;300.0;Commscope
ANT002201;10802;Telefonica;40.0;Commscope
ANT002202;10802;Telefonica;160.0;Commscope
ANT002203;10802;Telefonica;280.0;Commscope
ANT002204;10922;Telefonica;90.0;Commscope
ANT002205;10922;Telefonica;210.0;Commscope
ANT002206;10922;Telefonica;330.0;Commscope
ANT002207;10418;Telekom;;Huawei
ANT002208;10418;Telekom;;Huawei
ANT002209;10418;Telekom;;Huawei
ANT002210;10418;Telekom;;Huawei
ANT002211;10418;Telekom;;Huawei
ANT002212;10418;Telekom;;Huawei
ANT002213;10418;Telekom;;Huawei
ANT002214;10418;Telekom;;Huawei
ANT002215;10418;Telekom;;Huawei
ANT002216;10418;Telekom;;Huawei
ANT002217;10418;Telekom;;Huawei
ANT002218;10418;Telekom;;Huawei
ANT002219;10418;Telekom;;Huawei
ANT002220;10418;Telekom;;Huawei
ANT002221;10418;Telekom;;Huawei
ANT002222;10418;Telekom;;Huawei
ANT002223;10418;Telekom;;Huawei
ANT002224;10418;Telekom;;Huawei
ANT002225;10418;Telekom;;Huawei
ANT002226;10418;Telekom;;Huawei
ANT002227;10418;Telekom;;Huawei
ANT002228;10418;Telekom;;Huawei
ANT002229;10418;Telekom;;Huawei
ANT002230;10418;Telekom;;Huawei
ANT002231;10418;Telekom;;Huawei
ANT002232;10418;Telekom;;Huawei
ANT002233;10418;Telekom;;Huawei
ANT002234;10418;Telekom;;Huawei
ANT002235;10418;Telekom;;Huawei
ANT002236;10418;Telekom;;Huawei
ANT002237;10418;Telekom;;Huawei
ANT002238;10418;Telekom;;Huawei
ANT002239;10418;Telekom;;Huawei
ANT002240;10418;Telekom;;Huawei
ANT002241;10418;Telekom;;Huawei
ANT002242;10418;Telekom;;Huawei
ANT002243;10418;Telefonica;;Commscope
ANT002244;10418;Telefonica;;Commscope
ANT002245;10418;Telefonica;;Commscope
ANT002246;10418;Telefonica;;Commscope
ANT002247;10418;Telefonica;;Commscope
ANT002248;10418;Telefonica;;Commscope
ANT002249;10418;Telefonica;;Commscope
ANT002250;10418;Telefonica;;Commscope
ANT002251;10418;Telefonica;;Commscope
ANT002252;10418;Telefonica;;Commscope
ANT002253;10418;Telefonica;;Commscope
ANT002254;10418;Telefonica;;Commscope
ANT002255;10418;Telefonica;;Commscope
ANT002256;10418;Telefonica;;Commscope
ANT002257;10418;Telefonica;;Commscope
ANT002258;10418;Telefonica;;Commscope
ANT002259;10418;Telefonica;;Commscope
ANT002260;10418;Telefonica;;Commscope
ANT002261;10418;Telefonica;;Commscope
ANT002262;10418;Telefonica;;Commscope
ANT002263;10418;Telefonica;;Commscope
ANT002264;10418;Telefonica;;Commscope
ANT002265;10418;Telefonica;;Commscope
ANT002266;10418;Telefonica;;Commscope
ANT002267;10418;Telefonica;;Commscope
ANT002268;10418;Telefonica;;Commscope
ANT002269;10418;Telefonica;;Commscope
ANT002270;10418;Telefonica;;Commscope
ANT002271;10418;Telefonica;;Commscope
ANT002272;10418;Telefonica;;Commscope
ANT002273;10418;Telefonica;;Commscope
ANT002274;10418;Telefonica;;Commscope
ANT002275;10418;Telefonica;;Commscope
ANT002276;10418;Telefonica;;Commscope
ANT002277;10418;Telefonica;;Commscope
ANT002278;10418;Telefonica;;Commscope
ANT002279;10530;Telekom;;Commscope
ANT002280;10530;Telekom;;Commscope
ANT002281;10530;Telekom;;Commscope
ANT002282;10530;Telekom;;Commscope
ANT002283;10530;Telekom;;Commscope
ANT002284;10530;Telekom;;Commscope
ANT002285;10530;Telekom;;Commscope
ANT002286;10530;Telekom;;Commscope
ANT002287;10530;Telekom;;Commscope
ANT002288;10530;Telekom;;Commscope
ANT002289;10530;Telekom;;Commscope
ANT002290;10530;Telekom;;Commscope
ANT002291;10530;Telekom;;Commscope
ANT002292;10530;Telekom;;Commscope
ANT002293;10530;Telekom;;Commscope
ANT002294;10530;Telekom;;Commscope
ANT002295;10078;Vodafone;;Huawei
ANT002296;10078;Vodafone;;Huawei
ANT002297;10078;Vodafone;;Huawei
ANT002298;10078;Vodafone;;Huawei
ANT002299;10078;Vodafone;;Huawei
ANT002300;10078;Vodafone;;Huawei
ANT002301;10078;Vodafone;;Huawei
ANT002302;10078;Vodafone;;Huawei
ANT002303;10078;Vodafone;;Huawei
ANT002304;10078;Vodafone;;Huawei
ANT002305;10078;Vodafone;;Huawei
ANT002306;10078;Vodafone;;Huawei
ANT002307;10078;Vodafone;;Huawei
ANT002308;10078;Vodafone;;Huawei
ANT002309;10078;Vodafone;;Huawei
ANT002310;10078;Vodafone;;Huawei
ANT002311;10078;Vodafone;;Huawei
ANT002312;10078;Vodafone;;Huawei
ANT002313;10078;Vodafone;;Huawei
ANT002314;10078;Vodafone;;Huawei
ANT002315;10078;Vodafone;;Huawei
ANT002316;10078;Vodafone;;Huawei
ANT002317;10078;Vodafone;;Huawei
ANT002318;10078;Vodafone;;Huawei
ANT002319;10078;Vodafone;;Huawei
ANT002320;10078;Vodafone;;Huawei
ANT002321;10078;Vodafone;;Huawei
ANT002322;10078;Vodafone;;Huawei
ANT002323;10078;Vodafone;;Huawei
ANT002324;10078;Vodafone;;Huawei
ANT002325;10078;Vodafone;;Huawei
ANT002326;10078;Vodafone;;Huawei
ANT002327;10078;Telekom;;Commscope
ANT002328;10078;Telekom;;Commscope
ANT002329;10078;Telekom;;Commscope
ANT002330;10078;Telekom;;Commscope
ANT002331;10078;Telekom;;Commscope
ANT002332;10078;Telekom;;Commscope
ANT002333;10078;Telekom;;Commscope
ANT002334;10078;Telekom;;Commscope
ANT002335;10078;Telekom;;Commscope
ANT002336;10078;Telekom;;Commscope
ANT002337;10078;Telekom;;Commscope
ANT002338;10078;Telekom;;Commscope
ANT002339;10078;Telekom;;Commscope
ANT002340;10078;Telekom;;Commscope
ANT002341;10078;Telekom;;Commscope
ANT002342;10078;Telekom;;Commscope
ANT002343;10078;Telekom;;Commscope
ANT002344;10078;Telekom;;Commscope
ANT002345;10078;Telekom;;Commscope
ANT002346;10078;Telekom;;Commscope
ANT002347;10078;Telekom;;Commscope
ANT002348;10078;Telekom;;Commscope
ANT002349;10078;Telekom;;Commscope
ANT002350;10078;Telekom;;Commscope
ANT002351;10078;Telekom;;Commscope
ANT002352;10078;Telekom;;Commscope
ANT002353;10078;Telekom;;Commscope
ANT002354;10078;Telekom;;Commscope
ANT002355;10078;Telekom;;Commscope
ANT002356;10078;Telekom;;Commscope
ANT002357;10078;Telekom;;Commscope
ANT002358;10078;Telekom;;Commscope
ANT002359;10282;Telekom;;Commscope
ANT002360;10282;Telekom;;Commscope
ANT002361;10282;Telekom;;Commscope
ANT002362;10282;Telekom;;Commscope
ANT002363;10282;Telekom;;Commscope
ANT002364;10282;Telekom;;Commscope
ANT002365;10282;Telekom;;Commscope
ANT002366;10282;Telekom;;Commscope
ANT002367;10282;Telekom;;Commscope
ANT002368;10282;Telekom;;Commscope
ANT002369;10282;Telekom;;Commscope
ANT002370;10282;Telekom;;Commscope
ANT002371;10282;Telekom;;Commscope
ANT002372;10282;Telekom;;Commscope
ANT002373;10282;Telekom;;Commscope
ANT002374;10282;Telekom;;Commscope
ANT002375;10282;Telekom;;Commscope
ANT002376;10282;Telekom;;Commscope
ANT002377;10282;Telekom;;Commscope
ANT002378;10282;Telekom;;Commscope
ANT002379;10282;Telekom;;Commscope
ANT002380;10282;Telekom;;Commscope
ANT002381;10282;Telekom;;Commscope
ANT002382;10282;Telekom;;Commscope
ANT002383;10282;Telekom;;Commscope
ANT002384;10282;Telekom;;Commscope
ANT002385;10282;Telekom;;Commscope
ANT002386;10282;Telekom;;Commscope
ANT002387;10282;Telekom;;Commscope
ANT002388;10282;Telekom;;Commscope
ANT002389;10282;Telekom;;Commscope
ANT002390;10282;Telekom;;Commscope
ANT002391;10282;Telekom;;Commscope
ANT002392;10282;Telekom;;Commscope
ANT002393;10282;Telekom;;Commscope
ANT002394;10282;Telekom;;Commscope
ANT002395;10282;Telekom;;Commscope
ANT002396;10282;Telekom;;Commscope
ANT002397;10282;Telekom;;Commscope
ANT002398;10282;Telekom;;Commscope
ANT002399;10282;Telefonica;;Huawei
ANT002400;10282;Telefonica;;Huawei
ANT002401;10282;Telefonica;;Huawei
ANT002402;10282;Telefonica;;Huawei
ANT002403;10282;Telefonica;;Huawei
ANT002404;10282;Telefonica;;Huawei
ANT002405;10282;Telefonica;;Huawei
ANT002406;10282;Telefonica;;Huawei
ANT002407;10282;Telefonica;;Huawei
ANT002408;10282;Telefonica;;Huawei
ANT002409;10282;Telefonica;;Huawei
ANT002410;10282;Telefonica;;Huawei
ANT002411;10282;Telefonica;;Huawei
ANT002412;10282;Telefonica;;Huawei
ANT002413;10282;Telefonica;;Huawei
ANT002414;10282;Telefonica;;Huawei
ANT002415;10282;Telefonica;;Huawei
ANT002416;10282;Telefonica;;Huawei
ANT002417;10282;Telefonica;;Huawei
ANT002418;10282;Telefonica;;Huawei
ANT002419;10282;Telefonica;;Huawei
ANT002420;10282;Telefonica;;Huawei
ANT002421;10282;Telefonica;;Huawei
ANT002422;10282;Telefonica;;Huawei
ANT002423;10282;Telefonica;;Huawei
ANT002424;10282;Telefonica;;Huawei
ANT002425;10282;Telefonica;;Huawei
ANT002426;10282;Telefonica;;Huawei
ANT002427;10282;Telefonica;;Huawei
ANT002428;10282;Telefonica;;Huawei
ANT002429;10282;Telefonica;;Huawei
ANT002430;10282;Telefonica;;Huawei
ANT002431;10282;Telefonica;;Huawei
ANT002432;10282;Telefonica;;Huawei
ANT002433;10282;Telefonica;;Huawei
ANT002434;10282;Telefonica;;Huawei
ANT002435;10282;Telefonica;;Huawei
ANT002436;10282;Telefonica;;Huawei
ANT002437;10282;Telefonica;;Huawei
ANT002438;10282;Telefonica;;Huawei
ANT002439;10203;Telekom;;Commscope
ANT002440;10203;Telekom;;Commscope
ANT002441;10203;Telekom;;Commscope
ANT002442;10203;Telekom;;Commscope
ANT002443;10203;Telekom;;Commscope
ANT002444;10203;Telekom;;Commscope
ANT002445;10203;Telekom;;Commscope
ANT002446;10203;Telekom;;Commscope
ANT002447;10203;Telekom;;Commscope
ANT002448;10203;Telekom;;Commscope
ANT002449;10203;Telekom;;Commscope
ANT002450;10203;Telekom;;Commscope
ANT002451;10203;Telekom;;Commscope
ANT002452;10203;Telekom;;Commscope
ANT002453;10203;Telekom;;Commscope
ANT002454;10203;Telekom;;Commscope
ANT002455;10203;Telekom;;Commscope
ANT002456;10203;Telekom;;Commscope
ANT002457;10203;Telekom;;Commscope
ANT002458;10203;Telekom;;Commscope
ANT002459;10203;Telekom;;Commscope
ANT002460;10203;Telekom;;Commscope
ANT002461;10203;Telekom;;Commscope
ANT002462;10203;Telekom;;Commscope
ANT002463;10034;Telekom;;Huawei
ANT002464;10034;Telekom;;Huawei
ANT002465;10034;Telekom;;Huawei
ANT002466;10034;Telekom;;Huawei
ANT002467;10034;Telekom;;Huawei
ANT002468;10034;Telekom;;Huawei
ANT002469;10034;Telekom;;Huawei
ANT002470;10034;Telekom;;Huawei
ANT002471;10034;Telekom;;Huawei
ANT002472;10034;Telekom;;Huawei
ANT002473;10034;Telekom;;Huawei
ANT002474;10034;Telekom;;Huawei
ANT002475;10034;Telekom;;Huawei
ANT002476;10034;Telekom;;Huawei
ANT002477;10034;Telekom;;Huawei
ANT002478;10034;Telekom;;Huawei
ANT002479;10687;Telefonica;;Huawei
ANT002480;10687;Telefonica;;Huawei
ANT002481;10687;Telefonica;;Huawei
ANT002482;10687;Telefonica;;Huawei
ANT002483;10687;Telefonica;;Huawei
ANT002484;10687;Telefonica;;Huawei
ANT002485;10687;Telefonica;;Huawei
ANT002486;10687;Telefonica;;Huawei
ANT002487;10687;Telefonica;;Huawei
ANT002488;10687;Telefonica;;Huawei
ANT002489;10687;Telefonica;;Huawei
ANT002490;10687;Telefonica;;Huawei
ANT002491;10687;Telefonica;;Huawei
ANT002492;10687;Telefonica;;Huawei
ANT002493;10687;Telefonica;;Huawei
ANT002494;10687;Telefonica;;Huawei
ANT002495;10687;Telefonica;;Huawei
ANT002496;10687;Telefonica;;Huawei
ANT002497;10687;Telefonica;;Huawei
ANT002498;10687;Telefonica;;Huawei
ANT002499;10807;Telekom;;Huawei
ANT002500;10807;Telekom;;Huawei
ANT002501;10807;Telekom;;Huawei
ANT002502;10807;Telekom;;Huawei
ANT002503;10807;Telekom;;Huawei
ANT002504;10807;Telekom;;Huawei
ANT002505;10807;Telekom;;Huawei
ANT002506;10807;Telekom;;Huawei
ANT002507;10807;Telekom;;Huawei
ANT002508;10807;Telekom;;Huawei
ANT002509;10807;Telekom;;Huawei
ANT002510;10807;Telekom;;Huawei
ANT002511;10807;Telekom;;Huawei
ANT002512;10807;Telekom;;Huawei
ANT002513;10807;Telekom;;Huawei
ANT002514;10807;Telekom;;Huawei
ANT002515;10807;Telekom;;Huawei
ANT002516;10807;Telekom;;Huawei
ANT002517;10807;Telekom;;Huawei
ANT002518;10807;Telekom;;Huawei
ANT002519;10807;Telekom;;Huawei
ANT002520;10807;Telekom;;Huawei
ANT002521;10807;Telekom;;Huawei
ANT002522;10807;Telekom;;Huawei
ANT002523;10217;Telefonica;60.0;Kathrein
ANT002524;10217;Telefonica;180.0;Kathrein
ANT002525;10217;Telefonica;300.0;Kathrein
ANT002526;10778;Telekom;60.0;Huawei
ANT002527;10778;Telekom;180.0;Huawei
ANT002528;10778;Telekom;300.0;Huawei
ANT002529;10871;Telefonica;30.0;Commscope
ANT002530;10871;Telefonica;150.0;Commscope
ANT002531;10871;Telefonica;270.0;Commscope
ANT002532;10071;Telekom;60.0;Commscope
ANT002533;10071;Telekom;180.0;Commscope
ANT002534;10071;Telekom;300.0;Commscope
ANT002535;10769;Vodafone;60.0;Huawei
ANT002536;10769;Vodafone;180.0;Huawei
ANT002537;10769;Vodafone;300.0;Huawei
ANT002538;10883;Telekom;60.0;Rosenberger
ANT002539;10883;Telekom;180.0;Rosenberger
ANT002540;10883;Telekom;300.0;Rosenberger
ANT002541;10232;Telekom;60.0;Amphenol
ANT002542;10232;Telekom;180.0;Amphenol
ANT002543;10232;Telekom;300.0;Amphenol
ANT002544;10521;Vodafone;;Commscope
ANT002545;10521;Vodafone;;Commscope
ANT002546;10521;Vodafone;;Commscope
ANT002547;10521;Vodafone;;Commscope
ANT002548;10521;Vodafone;;Commscope
ANT002549;10521;Vodafone;;Commscope
ANT002550;10521;Vodafone;;Commscope
ANT002551;10521;Vodafone;;Commscope
ANT002552;10521;Vodafone;;Commscope
ANT002553;10521;Vodafone;;Commscope
ANT002554;10521;Vodafone;;Commscope
ANT002555;10521;Vodafone;;Commscope
ANT002556;10521;Vodafone;;Commscope
ANT002557;10521;Vodafone;;Commscope
ANT002558;10521;Vodafone;;Commscope
ANT002559;10521;Vodafone;;Commscope
ANT002560;10521;Vodafone;;Commscope
ANT002561;10521;Vodafone;;Commscope
ANT002562;10521;Vodafone;;Commscope
ANT002563;10521;Vodafone;;Commscope
ANT002564;10521;Vodafone;;Commscope
ANT002565;10521;Vodafone;;Commscope
ANT002566;10521;Vodafone;;Commscope
ANT002567;10521;Vodafone;;Commscope
ANT002568;10521;Vodafone;;Commscope
ANT002569;10521;Vodafone;;Commscope
ANT002570;10521;Vodafone;;Commscope
ANT002571;10521;Vodafone;;Commscope
ANT002572;10521;Vodafone;;Commscope
ANT002573;10521;Vodafone;;Commscope
ANT002574;10521;Vodafone;;Commscope
ANT002575;10521;Vodafone;;Commscope
ANT002576;10521;Vodafone;;Commscope
ANT002577;10521;Vodafone;;Commscope
ANT002578;10521;Vodafone;;Commscope
ANT002579;10521;Vodafone;;Commscope
ANT002580;10521;Telefonica;;Huawei
ANT002581;10521;Telefonica;;Huawei
ANT002582;10521;Telefonica;;Huawei
ANT002583;10521;Telefonica;;Huawei
ANT002584;10521;Telefonica;;Huawei
ANT002585;10521;Telefonica;;Huawei
ANT002586;10521;Telefonica;;Huawei
ANT002587;10521;Telefonica;;Huawei
ANT002588;10521;Telefonica;;Huawei
ANT002589;10521;Telefonica;;Huawei
ANT002590;10521;Telefonica;;Huawei
ANT002591;10521;Telefonica;;Huawei
ANT002592;10521;Telefonica;;Huawei
ANT002593;10521;Telefonica;;Huawei
ANT002594;10521;Telefonica;;Huawei
ANT002595;10521;Telefonica;;Huawei
ANT002596;10521;Telefonica;;Huawei
ANT002597;10521;Telefonica;;Huawei
ANT002598;10521;Telefonica;;Huawei
ANT002599;10521;Telefonica;;Huawei
ANT002600;10521;Telefonica;;Huawei
ANT002601;10521;Telefonica;;Huawei
ANT002602;10521;Telefonica;;Huawei
ANT002603;10521;Telefonica;;Huawei
ANT002604;10521;Telefonica;;Huawei
ANT002605;10521;Telefonica;;Huawei
ANT002606;10521;Telefonica;;Huawei
ANT002607;10521;Telefonica;;Huawei
ANT002608;10521;Telefonica;;Huawei
ANT002609;10521;Telefonica;;Huawei
ANT002610;10521;Telefonica;;Huawei
ANT002611;10521;Telefonica;;Huawei
ANT002612;10521;Telefonica;;Huawei
ANT002613;10521;Telefonica;;Huawei
ANT002614;10521;Telefonica;;Huawei
ANT002615;10521;Telefonica;;Huawei
ANT002616;10609;Vodafone;60.0;Amphenol
ANT002617;10609;Vodafone;180.0;Amphenol
ANT002618;10609;Vodafone;300.0;Amphenol
ANT002619;10609;1&1;60.0;Huawei
ANT002620;10609;1&1;180.0;Huawei
ANT002621;10609;1&1;300.0;Huawei
ANT002622;10344;Vodafone;40.0;Huawei
ANT002623;10344;Vodafone;160.0;Huawei
ANT002624;10344;Vodafone;280.0;Huawei
ANT002625;10344;1&1;25.0;Huawei
ANT002626;10344;1&1;145.0;Huawei
ANT002627;10344;1&1;270.0;Huawei
ANT002628;10983;Telefonica;50.0;Amphenol
ANT002629;10983;Telefonica;170.0;Amphenol
ANT002630;10983;Telefonica;290.0;Amphenol
ANT002631;10059;Telekom;60.0;Huawei
ANT002632;10059;Telekom;180.0;Huawei
ANT002633;10059;Telekom;300.0;Huawei
